empresa,ciudad,email,slug,variante,cluster,asunto,cuerpo,followup_asunto,followup_cuerpo,email3_asunto,email3_cuerpo,enviar,aviso
"Arq & Reformas","Galapagar","info@tusreformas.com","arq-reformas","A-leads","A-leads","¿Pagas por leads que reciben 4?","Hola,

¿Cuántas visitas y presupuestos haces a clientes que luego no contestan, o que solo querían comparar precio? Y si el contacto viene de Habitissimo o Cronoshare, encima lo has pagado y lo tienen otras tres empresas.

He preparado un simulador para la web de Arq & Reformas: el cliente elige tipo de obra, metros y calidades, ve un precio orientativo y te escribe ya sabiendo cuánto cuesta. Ese contacto es solo tuyo.

Ya está montado con tu nombre y tus servicios (reformas integrales, baños y diseño de espacios):
{link_demo}

¿Hoy te llegan más clientes por tu web o por plataformas?

Nico Soto
nico-soto.es","Re: ¿Pagas por leads que reciben 4?","Hola de nuevo,

Un contacto de plataforma cuesta 15 € o más y le llega a la vez a otras tres empresas: o llamas el primero o lo pierdes.

Los que entran por el simulador de tu web ya han visto un precio y no los comparte nadie:
{link_demo}

¿Pagas hoy por contactos en alguna plataforma?

Nico","Re: ¿Pagas por leads que reciben 4?","Hola,

Último correo. Cada visita a alguien que solo quería ""hacerse una idea"" es una mañana perdida. Con el simulador, quien no encaja con el precio ya no te llama.

La demo de Arq & Reformas sigue aquí: {link_demo}

¿Lo dejo aquí o te interesa verlo 10 minutos?

Nico","TRUE",""
"Infoconstrureform","Las Rozas de Madrid","info@infoconstrureform.com","infoconstrureform","B-contesta","B-contesta","Presupuestos que no te contestan","Hola,

¿Cuántas visitas y presupuestos haces a clientes que luego no contestan, o que solo querían comparar precio? Y si el contacto viene de Habitissimo o Cronoshare, encima lo has pagado y lo tienen otras tres empresas.

He preparado un simulador para la web de Infoconstrureform: el cliente elige tipo de obra, metros y calidades, ve un precio orientativo y te escribe ya sabiendo cuánto cuesta. Ese contacto es solo tuyo.

Ya está montado con tu nombre y tus servicios (reformas integrales, cocinas y baños):
{link_demo}

¿Hoy te llegan más clientes por tu web o por plataformas?

Nico Soto
nico-soto.es","Re: Presupuestos que no te contestan","Hola de nuevo,

Un contacto de plataforma cuesta 15 € o más y le llega a la vez a otras tres empresas: o llamas el primero o lo pierdes.

Los que entran por el simulador de tu web ya han visto un precio y no los comparte nadie:
{link_demo}

¿Pagas hoy por contactos en alguna plataforma?

Nico","Re: Presupuestos que no te contestan","Hola,

Último correo. Cada visita a alguien que solo quería ""hacerse una idea"" es una mañana perdida. Con el simulador, quien no encaja con el precio ya no te llama.

La demo de Infoconstrureform sigue aquí: {link_demo}

¿Lo dejo aquí o te interesa verlo 10 minutos?

Nico","TRUE",""
"Construcciones Arana","Collado Villalba","info@construccionesarana.es","construcciones-arana","A-leads","A-leads","¿Pagas por leads que reciben 4?","Hola,

¿Cuántas visitas y presupuestos haces a clientes que luego no contestan, o que solo querían comparar precio? Y si el contacto viene de Habitissimo o Cronoshare, encima lo has pagado y lo tienen otras tres empresas.

He preparado un simulador para la web de Construcciones Arana: el cliente elige tipo de obra, metros y calidades, ve un precio orientativo y te escribe ya sabiendo cuánto cuesta. Ese contacto es solo tuyo.

Ya está montado con tu nombre y tus servicios (reformas integrales, cocinas y baños):
{link_demo}

¿Hoy te llegan más clientes por tu web o por plataformas?

Nico Soto
nico-soto.es","Re: ¿Pagas por leads que reciben 4?","Hola de nuevo,

Un contacto de plataforma cuesta 15 € o más y le llega a la vez a otras tres empresas: o llamas el primero o lo pierdes.

Los que entran por el simulador de tu web ya han visto un precio y no los comparte nadie:
{link_demo}

¿Pagas hoy por contactos en alguna plataforma?

Nico","Re: ¿Pagas por leads que reciben 4?","Hola,

Último correo. Cada visita a alguien que solo quería ""hacerse una idea"" es una mañana perdida. Con el simulador, quien no encaja con el precio ya no te llama.

La demo de Construcciones Arana sigue aquí: {link_demo}

¿Lo dejo aquí o te interesa verlo 10 minutos?

Nico","TRUE",""
"Alejo Construction & Design","Boadilla del Monte","info@tureformaenmadrid.es","alejo-reformas","B-contesta","B-contesta","Presupuestos que no te contestan","Hola,

¿Cuántas visitas y presupuestos haces a clientes que luego no contestan, o que solo querían comparar precio? Y si el contacto viene de Habitissimo o Cronoshare, encima lo has pagado y lo tienen otras tres empresas.

He preparado un simulador para la web de Alejo Construction & Design: el cliente elige tipo de obra, metros y calidades, ve un precio orientativo y te escribe ya sabiendo cuánto cuesta. Ese contacto es solo tuyo.

Ya está montado con tu nombre y tus servicios (reformas integrales, cocinas y baños):
{link_demo}

¿Hoy te llegan más clientes por tu web o por plataformas?

Nico Soto
nico-soto.es","Re: Presupuestos que no te contestan","Hola de nuevo,

Un contacto de plataforma cuesta 15 € o más y le llega a la vez a otras tres empresas: o llamas el primero o lo pierdes.

Los que entran por el simulador de tu web ya han visto un precio y no los comparte nadie:
{link_demo}

¿Pagas hoy por contactos en alguna plataforma?

Nico","Re: Presupuestos que no te contestan","Hola,

Último correo. Cada visita a alguien que solo quería ""hacerse una idea"" es una mañana perdida. Con el simulador, quien no encaja con el precio ya no te llama.

La demo de Alejo Construction & Design sigue aquí: {link_demo}

¿Lo dejo aquí o te interesa verlo 10 minutos?

Nico","TRUE",""
"Exclusivas Joma","Tres Cantos","exclusivasjoma@gmail.com","exclusivas-joma","A-leads","A-leads","¿Pagas por leads que reciben 4?","Hola,

¿Cuántas visitas y presupuestos haces a clientes que luego no contestan, o que solo querían comparar precio? Y si el contacto viene de Habitissimo o Cronoshare, encima lo has pagado y lo tienen otras tres empresas.

He preparado un simulador para la web de Exclusivas Joma: el cliente elige tipo de obra, metros y calidades, ve un precio orientativo y te escribe ya sabiendo cuánto cuesta. Ese contacto es solo tuyo.

Ya está montado con tu nombre y tus servicios (reformas integrales, cocinas y baños):
{link_demo}

¿Hoy te llegan más clientes por tu web o por plataformas?

Nico Soto
nico-soto.es","Re: ¿Pagas por leads que reciben 4?","Hola de nuevo,

Un contacto de plataforma cuesta 15 € o más y le llega a la vez a otras tres empresas: o llamas el primero o lo pierdes.

Los que entran por el simulador de tu web ya han visto un precio y no los comparte nadie:
{link_demo}

¿Pagas hoy por contactos en alguna plataforma?

Nico","Re: ¿Pagas por leads que reciben 4?","Hola,

Último correo. Cada visita a alguien que solo quería ""hacerse una idea"" es una mañana perdida. Con el simulador, quien no encaja con el precio ya no te llama.

La demo de Exclusivas Joma sigue aquí: {link_demo}

¿Lo dejo aquí o te interesa verlo 10 minutos?

Nico","TRUE",""
"Acantarero","Villaviciosa de Odón","info@acantareroconstrucciones.com","acantarero","B-contesta","B-contesta","Presupuestos que no te contestan","Hola,

¿Cuántas visitas y presupuestos haces a clientes que luego no contestan, o que solo querían comparar precio? Y si el contacto viene de Habitissimo o Cronoshare, encima lo has pagado y lo tienen otras tres empresas.

He preparado un simulador para la web de Acantarero: el cliente elige tipo de obra, metros y calidades, ve un precio orientativo y te escribe ya sabiendo cuánto cuesta. Ese contacto es solo tuyo.

Ya está montado con tu nombre y tus servicios (reformas, rehabilitaciones y obra nueva):
{link_demo}

¿Hoy te llegan más clientes por tu web o por plataformas?

Nico Soto
nico-soto.es","Re: Presupuestos que no te contestan","Hola de nuevo,

Un contacto de plataforma cuesta 15 € o más y le llega a la vez a otras tres empresas: o llamas el primero o lo pierdes.

Los que entran por el simulador de tu web ya han visto un precio y no los comparte nadie:
{link_demo}

¿Pagas hoy por contactos en alguna plataforma?

Nico","Re: Presupuestos que no te contestan","Hola,

Último correo. Cada visita a alguien que solo quería ""hacerse una idea"" es una mañana perdida. Con el simulador, quien no encaja con el precio ya no te llama.

La demo de Acantarero sigue aquí: {link_demo}

¿Lo dejo aquí o te interesa verlo 10 minutos?

Nico","TRUE",""
"Emona Reformas","Collado Villalba","info@reformasemona.com","emona-reformas","A-leads","A-leads","¿Pagas por leads que reciben 4?","Hola,

¿Cuántas visitas y presupuestos haces a clientes que luego no contestan, o que solo querían comparar precio? Y si el contacto viene de Habitissimo o Cronoshare, encima lo has pagado y lo tienen otras tres empresas.

He preparado un simulador para la web de Emona Reformas: el cliente elige tipo de obra, metros y calidades, ve un precio orientativo y te escribe ya sabiendo cuánto cuesta. Ese contacto es solo tuyo.

Ya está montado con tu nombre y tus servicios (reformas integrales, baños y cocinas):
{link_demo}

¿Hoy te llegan más clientes por tu web o por plataformas?

Nico Soto
nico-soto.es","Re: ¿Pagas por leads que reciben 4?","Hola de nuevo,

Un contacto de plataforma cuesta 15 € o más y le llega a la vez a otras tres empresas: o llamas el primero o lo pierdes.

Los que entran por el simulador de tu web ya han visto un precio y no los comparte nadie:
{link_demo}

¿Pagas hoy por contactos en alguna plataforma?

Nico","Re: ¿Pagas por leads que reciben 4?","Hola,

Último correo. Cada visita a alguien que solo quería ""hacerse una idea"" es una mañana perdida. Con el simulador, quien no encaja con el precio ya no te llama.

La demo de Emona Reformas sigue aquí: {link_demo}

¿Lo dejo aquí o te interesa verlo 10 minutos?

Nico","TRUE",""
"Reformas Ideas","Las Rozas de Madrid","pinturasytarimasideas@gmail.com","reformas-ideas","B-contesta","B-contesta","Presupuestos que no te contestan","Hola,

¿Cuántas visitas y presupuestos haces a clientes que luego no contestan, o que solo querían comparar precio? Y si el contacto viene de Habitissimo o Cronoshare, encima lo has pagado y lo tienen otras tres empresas.

He preparado un simulador para la web de Reformas Ideas: el cliente elige tipo de obra, metros y calidades, ve un precio orientativo y te escribe ya sabiendo cuánto cuesta. Ese contacto es solo tuyo.

Ya está montado con tu nombre y tus servicios (reformas integrales y llave en mano):
{link_demo}

¿Hoy te llegan más clientes por tu web o por plataformas?

Nico Soto
nico-soto.es","Re: Presupuestos que no te contestan","Hola de nuevo,

Un contacto de plataforma cuesta 15 € o más y le llega a la vez a otras tres empresas: o llamas el primero o lo pierdes.

Los que entran por el simulador de tu web ya han visto un precio y no los comparte nadie:
{link_demo}

¿Pagas hoy por contactos en alguna plataforma?

Nico","Re: Presupuestos que no te contestan","Hola,

Último correo. Cada visita a alguien que solo quería ""hacerse una idea"" es una mañana perdida. Con el simulador, quien no encaja con el precio ya no te llama.

La demo de Reformas Ideas sigue aquí: {link_demo}

¿Lo dejo aquí o te interesa verlo 10 minutos?

Nico","TRUE",""
"Faner Reformas","Las Rozas de Madrid","faner@faner.es","faner-reformas","A-leads","A-leads","¿Pagas por leads que reciben 4?","Hola,

¿Cuántas visitas y presupuestos haces a clientes que luego no contestan, o que solo querían comparar precio? Y si el contacto viene de Habitissimo o Cronoshare, encima lo has pagado y lo tienen otras tres empresas.

He preparado un simulador para la web de Faner Reformas: el cliente elige tipo de obra, metros y calidades, ve un precio orientativo y te escribe ya sabiendo cuánto cuesta. Ese contacto es solo tuyo.

Ya está montado con tu nombre y tus servicios (reformas integrales, cocinas y baños):
{link_demo}

¿Hoy te llegan más clientes por tu web o por plataformas?

Nico Soto
nico-soto.es","Re: ¿Pagas por leads que reciben 4?","Hola de nuevo,

Un contacto de plataforma cuesta 15 € o más y le llega a la vez a otras tres empresas: o llamas el primero o lo pierdes.

Los que entran por el simulador de tu web ya han visto un precio y no los comparte nadie:
{link_demo}

¿Pagas hoy por contactos en alguna plataforma?

Nico","Re: ¿Pagas por leads que reciben 4?","Hola,

Último correo. Cada visita a alguien que solo quería ""hacerse una idea"" es una mañana perdida. Con el simulador, quien no encaja con el precio ya no te llama.

La demo de Faner Reformas sigue aquí: {link_demo}

¿Lo dejo aquí o te interesa verlo 10 minutos?

Nico","TRUE",""
"Área Reformas","Las Rozas de Madrid","info@areareformas.com","area-reformas","B-contesta","B-contesta","Presupuestos que no te contestan","Hola,

¿Cuántas visitas y presupuestos haces a clientes que luego no contestan, o que solo querían comparar precio? Y si el contacto viene de Habitissimo o Cronoshare, encima lo has pagado y lo tienen otras tres empresas.

He preparado un simulador para la web de Área Reformas: el cliente elige tipo de obra, metros y calidades, ve un precio orientativo y te escribe ya sabiendo cuánto cuesta. Ese contacto es solo tuyo.

Ya está montado con tu nombre y tus servicios (reformas integrales, cocinas y locales):
{link_demo}

¿Hoy te llegan más clientes por tu web o por plataformas?

Nico Soto
nico-soto.es","Re: Presupuestos que no te contestan","Hola de nuevo,

Un contacto de plataforma cuesta 15 € o más y le llega a la vez a otras tres empresas: o llamas el primero o lo pierdes.

Los que entran por el simulador de tu web ya han visto un precio y no los comparte nadie:
{link_demo}

¿Pagas hoy por contactos en alguna plataforma?

Nico","Re: Presupuestos que no te contestan","Hola,

Último correo. Cada visita a alguien que solo quería ""hacerse una idea"" es una mañana perdida. Con el simulador, quien no encaja con el precio ya no te llama.

La demo de Área Reformas sigue aquí: {link_demo}

¿Lo dejo aquí o te interesa verlo 10 minutos?

Nico","TRUE",""
"De la Llave","Collado Villalba","info@delallave.net","de-la-llave","A-leads","A-leads","¿Pagas por leads que reciben 4?","Hola,

¿Cuántas visitas y presupuestos haces a clientes que luego no contestan, o que solo querían comparar precio? Y si el contacto viene de Habitissimo o Cronoshare, encima lo has pagado y lo tienen otras tres empresas.

He preparado un simulador para la web de De la Llave: el cliente elige tipo de obra, metros y calidades, ve un precio orientativo y te escribe ya sabiendo cuánto cuesta. Ese contacto es solo tuyo.

Ya está montado con tu nombre y tus servicios (reformas integrales, albañilería y fontanería):
{link_demo}

¿Hoy te llegan más clientes por tu web o por plataformas?

Nico Soto
nico-soto.es","Re: ¿Pagas por leads que reciben 4?","Hola de nuevo,

Un contacto de plataforma cuesta 15 € o más y le llega a la vez a otras tres empresas: o llamas el primero o lo pierdes.

Los que entran por el simulador de tu web ya han visto un precio y no los comparte nadie:
{link_demo}

¿Pagas hoy por contactos en alguna plataforma?

Nico","Re: ¿Pagas por leads que reciben 4?","Hola,

Último correo. Cada visita a alguien que solo quería ""hacerse una idea"" es una mañana perdida. Con el simulador, quien no encaja con el precio ya no te llama.

La demo de De la Llave sigue aquí: {link_demo}

¿Lo dejo aquí o te interesa verlo 10 minutos?

Nico","TRUE",""
"Simetrika","Majadahonda","web@simetrika.es","simetrika","B-contesta","B-contesta","Presupuestos que no te contestan","Hola,

¿Cuántas visitas y presupuestos haces a clientes que luego no contestan, o que solo querían comparar precio? Y si el contacto viene de Habitissimo o Cronoshare, encima lo has pagado y lo tienen otras tres empresas.

He preparado un simulador para la web de Simetrika: el cliente elige tipo de obra, metros y calidades, ve un precio orientativo y te escribe ya sabiendo cuánto cuesta. Ese contacto es solo tuyo.

Ya está montado con tu nombre y tus servicios (reformas integrales, proyecto y obra):
{link_demo}

¿Hoy te llegan más clientes por tu web o por plataformas?

Nico Soto
nico-soto.es","Re: Presupuestos que no te contestan","Hola de nuevo,

Un contacto de plataforma cuesta 15 € o más y le llega a la vez a otras tres empresas: o llamas el primero o lo pierdes.

Los que entran por el simulador de tu web ya han visto un precio y no los comparte nadie:
{link_demo}

¿Pagas hoy por contactos en alguna plataforma?

Nico","Re: Presupuestos que no te contestan","Hola,

Último correo. Cada visita a alguien que solo quería ""hacerse una idea"" es una mañana perdida. Con el simulador, quien no encaja con el precio ya no te llama.

La demo de Simetrika sigue aquí: {link_demo}

¿Lo dejo aquí o te interesa verlo 10 minutos?

Nico","TRUE",""
"Renueva 3C","Tres Cantos","info@renueva3c.es","renueva-3c","A-leads","A-leads","¿Pagas por leads que reciben 4?","Hola,

¿Cuántas visitas y presupuestos haces a clientes que luego no contestan, o que solo querían comparar precio? Y si el contacto viene de Habitissimo o Cronoshare, encima lo has pagado y lo tienen otras tres empresas.

He preparado un simulador para la web de Renueva 3C: el cliente elige tipo de obra, metros y calidades, ve un precio orientativo y te escribe ya sabiendo cuánto cuesta. Ese contacto es solo tuyo.

Ya está montado con tu nombre y tus servicios (reformas integrales, cocinas y baños):
{link_demo}

¿Hoy te llegan más clientes por tu web o por plataformas?

Nico Soto
nico-soto.es","Re: ¿Pagas por leads que reciben 4?","Hola de nuevo,

Un contacto de plataforma cuesta 15 € o más y le llega a la vez a otras tres empresas: o llamas el primero o lo pierdes.

Los que entran por el simulador de tu web ya han visto un precio y no los comparte nadie:
{link_demo}

¿Pagas hoy por contactos en alguna plataforma?

Nico","Re: ¿Pagas por leads que reciben 4?","Hola,

Último correo. Cada visita a alguien que solo quería ""hacerse una idea"" es una mañana perdida. Con el simulador, quien no encaja con el precio ya no te llama.

La demo de Renueva 3C sigue aquí: {link_demo}

¿Lo dejo aquí o te interesa verlo 10 minutos?

Nico","TRUE",""
"Kozma","Tres Cantos","info@kozma.es","kozma","B-contesta","B-contesta","Presupuestos que no te contestan","Hola,

¿Cuántas visitas y presupuestos haces a clientes que luego no contestan, o que solo querían comparar precio? Y si el contacto viene de Habitissimo o Cronoshare, encima lo has pagado y lo tienen otras tres empresas.

He preparado un simulador para la web de Kozma: el cliente elige tipo de obra, metros y calidades, ve un precio orientativo y te escribe ya sabiendo cuánto cuesta. Ese contacto es solo tuyo.

Ya está montado con tu nombre y tus servicios (reformas de baños, cocinas e integrales):
{link_demo}

¿Hoy te llegan más clientes por tu web o por plataformas?

Nico Soto
nico-soto.es","Re: Presupuestos que no te contestan","Hola de nuevo,

Un contacto de plataforma cuesta 15 € o más y le llega a la vez a otras tres empresas: o llamas el primero o lo pierdes.

Los que entran por el simulador de tu web ya han visto un precio y no los comparte nadie:
{link_demo}

¿Pagas hoy por contactos en alguna plataforma?

Nico","Re: Presupuestos que no te contestan","Hola,

Último correo. Cada visita a alguien que solo quería ""hacerse una idea"" es una mañana perdida. Con el simulador, quien no encaja con el precio ya no te llama.

La demo de Kozma sigue aquí: {link_demo}

¿Lo dejo aquí o te interesa verlo 10 minutos?

Nico","TRUE",""
"Reformas Javier Recio","Galapagar","reformas.jrecio@gmail.com","reformas-jrecio","A-leads","A-leads","¿Pagas por leads que reciben 4?","Hola,

¿Cuántas visitas y presupuestos haces a clientes que luego no contestan, o que solo querían comparar precio? Y si el contacto viene de Habitissimo o Cronoshare, encima lo has pagado y lo tienen otras tres empresas.

He preparado un simulador para la web de Reformas Javier Recio: el cliente elige tipo de obra, metros y calidades, ve un precio orientativo y te escribe ya sabiendo cuánto cuesta. Ese contacto es solo tuyo.

Ya está montado con tu nombre y tus servicios (reformas de baños, cocinas e integrales):
{link_demo}

¿Hoy te llegan más clientes por tu web o por plataformas?

Nico Soto
nico-soto.es","Re: ¿Pagas por leads que reciben 4?","Hola de nuevo,

Un contacto de plataforma cuesta 15 € o más y le llega a la vez a otras tres empresas: o llamas el primero o lo pierdes.

Los que entran por el simulador de tu web ya han visto un precio y no los comparte nadie:
{link_demo}

¿Pagas hoy por contactos en alguna plataforma?

Nico","Re: ¿Pagas por leads que reciben 4?","Hola,

Último correo. Cada visita a alguien que solo quería ""hacerse una idea"" es una mañana perdida. Con el simulador, quien no encaja con el precio ya no te llama.

La demo de Reformas Javier Recio sigue aquí: {link_demo}

¿Lo dejo aquí o te interesa verlo 10 minutos?

Nico","TRUE",""
"Seira Reformas","Colmenar Viejo","seira@seirasl.es","seira-reformas","B-contesta","B-contesta","Presupuestos que no te contestan","Hola,

¿Cuántas visitas y presupuestos haces a clientes que luego no contestan, o que solo querían comparar precio? Y si el contacto viene de Habitissimo o Cronoshare, encima lo has pagado y lo tienen otras tres empresas.

He preparado un simulador para la web de Seira Reformas: el cliente elige tipo de obra, metros y calidades, ve un precio orientativo y te escribe ya sabiendo cuánto cuesta. Ese contacto es solo tuyo.

Ya está montado con tu nombre y tus servicios (reformas integrales, cocinas y baños):
{link_demo}

¿Hoy te llegan más clientes por tu web o por plataformas?

Nico Soto
nico-soto.es","Re: Presupuestos que no te contestan","Hola de nuevo,

Un contacto de plataforma cuesta 15 € o más y le llega a la vez a otras tres empresas: o llamas el primero o lo pierdes.

Los que entran por el simulador de tu web ya han visto un precio y no los comparte nadie:
{link_demo}

¿Pagas hoy por contactos en alguna plataforma?

Nico","Re: Presupuestos que no te contestan","Hola,

Último correo. Cada visita a alguien que solo quería ""hacerse una idea"" es una mañana perdida. Con el simulador, quien no encaja con el precio ya no te llama.

La demo de Seira Reformas sigue aquí: {link_demo}

¿Lo dejo aquí o te interesa verlo 10 minutos?

Nico","TRUE",""
"HomeTrader Reformas","Majadahonda","info@reformashometrader.com","hometrader","A-leads","A-leads","¿Pagas por leads que reciben 4?","Hola,

¿Cuántas visitas y presupuestos haces a clientes que luego no contestan, o que solo querían comparar precio? Y si el contacto viene de Habitissimo o Cronoshare, encima lo has pagado y lo tienen otras tres empresas.

He preparado un simulador para la web de HomeTrader Reformas: el cliente elige tipo de obra, metros y calidades, ve un precio orientativo y te escribe ya sabiendo cuánto cuesta. Ese contacto es solo tuyo.

Ya está montado con tu nombre y tus servicios (reformas integrales, albañilería y pintura):
{link_demo}

¿Hoy te llegan más clientes por tu web o por plataformas?

Nico Soto
nico-soto.es","Re: ¿Pagas por leads que reciben 4?","Hola de nuevo,

Un contacto de plataforma cuesta 15 € o más y le llega a la vez a otras tres empresas: o llamas el primero o lo pierdes.

Los que entran por el simulador de tu web ya han visto un precio y no los comparte nadie:
{link_demo}

¿Pagas hoy por contactos en alguna plataforma?

Nico","Re: ¿Pagas por leads que reciben 4?","Hola,

Último correo. Cada visita a alguien que solo quería ""hacerse una idea"" es una mañana perdida. Con el simulador, quien no encaja con el precio ya no te llama.

La demo de HomeTrader Reformas sigue aquí: {link_demo}

¿Lo dejo aquí o te interesa verlo 10 minutos?

Nico","TRUE",""
"Reformas Lenzo","Majadahonda","info@reformaslenzo.es","reformas-lenzo","B-contesta","B-contesta","Presupuestos que no te contestan","Hola,

¿Cuántas visitas y presupuestos haces a clientes que luego no contestan, o que solo querían comparar precio? Y si el contacto viene de Habitissimo o Cronoshare, encima lo has pagado y lo tienen otras tres empresas.

He preparado un simulador para la web de Reformas Lenzo: el cliente elige tipo de obra, metros y calidades, ve un precio orientativo y te escribe ya sabiendo cuánto cuesta. Ese contacto es solo tuyo.

Ya está montado con tu nombre y tus servicios (reformas integrales, pintura y fontanería):
{link_demo}

¿Hoy te llegan más clientes por tu web o por plataformas?

Nico Soto
nico-soto.es","Re: Presupuestos que no te contestan","Hola de nuevo,

Un contacto de plataforma cuesta 15 € o más y le llega a la vez a otras tres empresas: o llamas el primero o lo pierdes.

Los que entran por el simulador de tu web ya han visto un precio y no los comparte nadie:
{link_demo}

¿Pagas hoy por contactos en alguna plataforma?

Nico","Re: Presupuestos que no te contestan","Hola,

Último correo. Cada visita a alguien que solo quería ""hacerse una idea"" es una mañana perdida. Con el simulador, quien no encaja con el precio ya no te llama.

La demo de Reformas Lenzo sigue aquí: {link_demo}

¿Lo dejo aquí o te interesa verlo 10 minutos?

Nico","TRUE",""
"Reformalista","Villaviciosa de Odón","info@reformalista.es","reformalista","A-leads","A-leads","¿Pagas por leads que reciben 4?","Hola,

¿Cuántas visitas y presupuestos haces a clientes que luego no contestan, o que solo querían comparar precio? Y si el contacto viene de Habitissimo o Cronoshare, encima lo has pagado y lo tienen otras tres empresas.

He preparado un simulador para la web de Reformalista: el cliente elige tipo de obra, metros y calidades, ve un precio orientativo y te escribe ya sabiendo cuánto cuesta. Ese contacto es solo tuyo.

Ya está montado con tu nombre y tus servicios (reformas integrales y proyectos de interiores):
{link_demo}

¿Hoy te llegan más clientes por tu web o por plataformas?

Nico Soto
nico-soto.es","Re: ¿Pagas por leads que reciben 4?","Hola de nuevo,

Un contacto de plataforma cuesta 15 € o más y le llega a la vez a otras tres empresas: o llamas el primero o lo pierdes.

Los que entran por el simulador de tu web ya han visto un precio y no los comparte nadie:
{link_demo}

¿Pagas hoy por contactos en alguna plataforma?

Nico","Re: ¿Pagas por leads que reciben 4?","Hola,

Último correo. Cada visita a alguien que solo quería ""hacerse una idea"" es una mañana perdida. Con el simulador, quien no encaja con el precio ya no te llama.

La demo de Reformalista sigue aquí: {link_demo}

¿Lo dejo aquí o te interesa verlo 10 minutos?

Nico","TRUE",""
"Renovatotal","Torrelodones","info@renovatotal.com.es","renovatotal","B-contesta","B-contesta","Presupuestos que no te contestan","Hola,

¿Cuántas visitas y presupuestos haces a clientes que luego no contestan, o que solo querían comparar precio? Y si el contacto viene de Habitissimo o Cronoshare, encima lo has pagado y lo tienen otras tres empresas.

He preparado un simulador para la web de Renovatotal: el cliente elige tipo de obra, metros y calidades, ve un precio orientativo y te escribe ya sabiendo cuánto cuesta. Ese contacto es solo tuyo.

Ya está montado con tu nombre y tus servicios (reformas integrales, parciales y pintura):
{link_demo}

¿Hoy te llegan más clientes por tu web o por plataformas?

Nico Soto
nico-soto.es","Re: Presupuestos que no te contestan","Hola de nuevo,

Un contacto de plataforma cuesta 15 € o más y le llega a la vez a otras tres empresas: o llamas el primero o lo pierdes.

Los que entran por el simulador de tu web ya han visto un precio y no los comparte nadie:
{link_demo}

¿Pagas hoy por contactos en alguna plataforma?

Nico","Re: Presupuestos que no te contestan","Hola,

Último correo. Cada visita a alguien que solo quería ""hacerse una idea"" es una mañana perdida. Con el simulador, quien no encaja con el precio ya no te llama.

La demo de Renovatotal sigue aquí: {link_demo}

¿Lo dejo aquí o te interesa verlo 10 minutos?

Nico","TRUE",""
"Tecfincas","Boadilla del Monte","tecfincas@gmail.com","tecfincas","A-leads","A-leads","¿Pagas por leads que reciben 4?","Hola,

¿Cuántas visitas y presupuestos haces a clientes que luego no contestan, o que solo querían comparar precio? Y si el contacto viene de Habitissimo o Cronoshare, encima lo has pagado y lo tienen otras tres empresas.

He preparado un simulador para la web de Tecfincas: el cliente elige tipo de obra, metros y calidades, ve un precio orientativo y te escribe ya sabiendo cuánto cuesta. Ese contacto es solo tuyo.

Ya está montado con tu nombre y tus servicios (reformas integrales, cocinas y baños):
{link_demo}

¿Hoy te llegan más clientes por tu web o por plataformas?

Nico Soto
nico-soto.es","Re: ¿Pagas por leads que reciben 4?","Hola de nuevo,

Un contacto de plataforma cuesta 15 € o más y le llega a la vez a otras tres empresas: o llamas el primero o lo pierdes.

Los que entran por el simulador de tu web ya han visto un precio y no los comparte nadie:
{link_demo}

¿Pagas hoy por contactos en alguna plataforma?

Nico","Re: ¿Pagas por leads que reciben 4?","Hola,

Último correo. Cada visita a alguien que solo quería ""hacerse una idea"" es una mañana perdida. Con el simulador, quien no encaja con el precio ya no te llama.

La demo de Tecfincas sigue aquí: {link_demo}

¿Lo dejo aquí o te interesa verlo 10 minutos?

Nico","TRUE",""
"AyC Proyectos","Majadahonda","contacto@aycproyectos.info","ayc-proyectos","B-contesta","B-contesta","Presupuestos que no te contestan","Hola,

¿Cuántas visitas y presupuestos haces a clientes que luego no contestan, o que solo querían comparar precio? Y si el contacto viene de Habitissimo o Cronoshare, encima lo has pagado y lo tienen otras tres empresas.

He preparado un simulador para la web de AyC Proyectos: el cliente elige tipo de obra, metros y calidades, ve un precio orientativo y te escribe ya sabiendo cuánto cuesta. Ese contacto es solo tuyo.

Ya está montado con tu nombre y tus servicios (reformas integrales, cocinas y baños):
{link_demo}

¿Hoy te llegan más clientes por tu web o por plataformas?

Nico Soto
nico-soto.es","Re: Presupuestos que no te contestan","Hola de nuevo,

Un contacto de plataforma cuesta 15 € o más y le llega a la vez a otras tres empresas: o llamas el primero o lo pierdes.

Los que entran por el simulador de tu web ya han visto un precio y no los comparte nadie:
{link_demo}

¿Pagas hoy por contactos en alguna plataforma?

Nico","Re: Presupuestos que no te contestan","Hola,

Último correo. Cada visita a alguien que solo quería ""hacerse una idea"" es una mañana perdida. Con el simulador, quien no encaja con el precio ya no te llama.

La demo de AyC Proyectos sigue aquí: {link_demo}

¿Lo dejo aquí o te interesa verlo 10 minutos?

Nico","TRUE",""
"Reformas JL Marlo","Torrelodones","info@reformasjlmarlo.es","reformas-jl-marlo","A-leads","A-leads","¿Pagas por leads que reciben 4?","Hola,

¿Cuántas visitas y presupuestos haces a clientes que luego no contestan, o que solo querían comparar precio? Y si el contacto viene de Habitissimo o Cronoshare, encima lo has pagado y lo tienen otras tres empresas.

He preparado un simulador para la web de Reformas JL Marlo: el cliente elige tipo de obra, metros y calidades, ve un precio orientativo y te escribe ya sabiendo cuánto cuesta. Ese contacto es solo tuyo.

Ya está montado con tu nombre y tus servicios (reformas integrales, reformas de baños y cocinas):
{link_demo}

¿Hoy te llegan más clientes por tu web o por plataformas?

Nico Soto
nico-soto.es","Re: ¿Pagas por leads que reciben 4?","Hola de nuevo,

Un contacto de plataforma cuesta 15 € o más y le llega a la vez a otras tres empresas: o llamas el primero o lo pierdes.

Los que entran por el simulador de tu web ya han visto un precio y no los comparte nadie:
{link_demo}

¿Pagas hoy por contactos en alguna plataforma?

Nico","Re: ¿Pagas por leads que reciben 4?","Hola,

Último correo. Cada visita a alguien que solo quería ""hacerse una idea"" es una mañana perdida. Con el simulador, quien no encaja con el precio ya no te llama.

La demo de Reformas JL Marlo sigue aquí: {link_demo}

¿Lo dejo aquí o te interesa verlo 10 minutos?

Nico","TRUE",""
"Antter Interiores","Tres Cantos","info@antterinteriores.com","antter-interiores","B-contesta","B-contesta","Presupuestos que no te contestan","Hola,

¿Cuántas visitas y presupuestos haces a clientes que luego no contestan, o que solo querían comparar precio? Y si el contacto viene de Habitissimo o Cronoshare, encima lo has pagado y lo tienen otras tres empresas.

He preparado un simulador para la web de Antter Interiores: el cliente elige tipo de obra, metros y calidades, ve un precio orientativo y te escribe ya sabiendo cuánto cuesta. Ese contacto es solo tuyo.

Ya está montado con tu nombre y tus servicios (reformas integrales, diseño de interiores y carpintería):
{link_demo}

¿Hoy te llegan más clientes por tu web o por plataformas?

Nico Soto
nico-soto.es","Re: Presupuestos que no te contestan","Hola de nuevo,

Un contacto de plataforma cuesta 15 € o más y le llega a la vez a otras tres empresas: o llamas el primero o lo pierdes.

Los que entran por el simulador de tu web ya han visto un precio y no los comparte nadie:
{link_demo}

¿Pagas hoy por contactos en alguna plataforma?

Nico","Re: Presupuestos que no te contestan","Hola,

Último correo. Cada visita a alguien que solo quería ""hacerse una idea"" es una mañana perdida. Con el simulador, quien no encaja con el precio ya no te llama.

La demo de Antter Interiores sigue aquí: {link_demo}

¿Lo dejo aquí o te interesa verlo 10 minutos?

Nico","TRUE",""
"Keshia Interiorismo","Tres Cantos","info@keshiainteriorismo.es","keshia","A-leads","A-leads","¿Pagas por leads que reciben 4?","Hola,

¿Cuántas visitas y presupuestos haces a clientes que luego no contestan, o que solo querían comparar precio? Y si el contacto viene de Habitissimo o Cronoshare, encima lo has pagado y lo tienen otras tres empresas.

He preparado un simulador para la web de Keshia Interiorismo: el cliente elige tipo de obra, metros y calidades, ve un precio orientativo y te escribe ya sabiendo cuánto cuesta. Ese contacto es solo tuyo.

Ya está montado con tu nombre y tus servicios (reformas integrales, cocinas y diseño de interiores):
{link_demo}

¿Hoy te llegan más clientes por tu web o por plataformas?

Nico Soto
nico-soto.es","Re: ¿Pagas por leads que reciben 4?","Hola de nuevo,

Un contacto de plataforma cuesta 15 € o más y le llega a la vez a otras tres empresas: o llamas el primero o lo pierdes.

Los que entran por el simulador de tu web ya han visto un precio y no los comparte nadie:
{link_demo}

¿Pagas hoy por contactos en alguna plataforma?

Nico","Re: ¿Pagas por leads que reciben 4?","Hola,

Último correo. Cada visita a alguien que solo quería ""hacerse una idea"" es una mañana perdida. Con el simulador, quien no encaja con el precio ya no te llama.

La demo de Keshia Interiorismo sigue aquí: {link_demo}

¿Lo dejo aquí o te interesa verlo 10 minutos?

Nico","TRUE",""
"Cisoyer","Boadilla del Monte","info@cisoyer.es","cisoyer","B-contesta","B-contesta","Presupuestos que no te contestan","Hola,

¿Cuántas visitas y presupuestos haces a clientes que luego no contestan, o que solo querían comparar precio? Y si el contacto viene de Habitissimo o Cronoshare, encima lo has pagado y lo tienen otras tres empresas.

He preparado un simulador para la web de Cisoyer: el cliente elige tipo de obra, metros y calidades, ve un precio orientativo y te escribe ya sabiendo cuánto cuesta. Ese contacto es solo tuyo.

Ya está montado con tu nombre y tus servicios (reformas integrales y rehabilitación):
{link_demo}

¿Hoy te llegan más clientes por tu web o por plataformas?

Nico Soto
nico-soto.es","Re: Presupuestos que no te contestan","Hola de nuevo,

Un contacto de plataforma cuesta 15 € o más y le llega a la vez a otras tres empresas: o llamas el primero o lo pierdes.

Los que entran por el simulador de tu web ya han visto un precio y no los comparte nadie:
{link_demo}

¿Pagas hoy por contactos en alguna plataforma?

Nico","Re: Presupuestos que no te contestan","Hola,

Último correo. Cada visita a alguien que solo quería ""hacerse una idea"" es una mañana perdida. Con el simulador, quien no encaja con el precio ya no te llama.

La demo de Cisoyer sigue aquí: {link_demo}

¿Lo dejo aquí o te interesa verlo 10 minutos?

Nico","TRUE",""
"A198 Design","Tres Cantos","contacto@a198design.com","a198-design","A-leads","A-leads","¿Pagas por leads que reciben 4?","Hola,

¿Cuántas visitas y presupuestos haces a clientes que luego no contestan, o que solo querían comparar precio? Y si el contacto viene de Habitissimo o Cronoshare, encima lo has pagado y lo tienen otras tres empresas.

He preparado un simulador para la web de A198 Design: el cliente elige tipo de obra, metros y calidades, ve un precio orientativo y te escribe ya sabiendo cuánto cuesta. Ese contacto es solo tuyo.

Ya está montado con tu nombre y tus servicios (reformas integrales, cocinas y baños):
{link_demo}

¿Hoy te llegan más clientes por tu web o por plataformas?

Nico Soto
nico-soto.es","Re: ¿Pagas por leads que reciben 4?","Hola de nuevo,

Un contacto de plataforma cuesta 15 € o más y le llega a la vez a otras tres empresas: o llamas el primero o lo pierdes.

Los que entran por el simulador de tu web ya han visto un precio y no los comparte nadie:
{link_demo}

¿Pagas hoy por contactos en alguna plataforma?

Nico","Re: ¿Pagas por leads que reciben 4?","Hola,

Último correo. Cada visita a alguien que solo quería ""hacerse una idea"" es una mañana perdida. Con el simulador, quien no encaja con el precio ya no te llama.

La demo de A198 Design sigue aquí: {link_demo}

¿Lo dejo aquí o te interesa verlo 10 minutos?

Nico","TRUE",""
"Reformas CGR","Tres Cantos","comercial@reformascgr.es","reformas-cgr","B-contesta","B-contesta","Presupuestos que no te contestan","Hola,

¿Cuántas visitas y presupuestos haces a clientes que luego no contestan, o que solo querían comparar precio? Y si el contacto viene de Habitissimo o Cronoshare, encima lo has pagado y lo tienen otras tres empresas.

He preparado un simulador para la web de Reformas CGR: el cliente elige tipo de obra, metros y calidades, ve un precio orientativo y te escribe ya sabiendo cuánto cuesta. Ese contacto es solo tuyo.

Ya está montado con tu nombre y tus servicios (reformas de cocinas, baños y viviendas):
{link_demo}

¿Hoy te llegan más clientes por tu web o por plataformas?

Nico Soto
nico-soto.es","Re: Presupuestos que no te contestan","Hola de nuevo,

Un contacto de plataforma cuesta 15 € o más y le llega a la vez a otras tres empresas: o llamas el primero o lo pierdes.

Los que entran por el simulador de tu web ya han visto un precio y no los comparte nadie:
{link_demo}

¿Pagas hoy por contactos en alguna plataforma?

Nico","Re: Presupuestos que no te contestan","Hola,

Último correo. Cada visita a alguien que solo quería ""hacerse una idea"" es una mañana perdida. Con el simulador, quien no encaja con el precio ya no te llama.

La demo de Reformas CGR sigue aquí: {link_demo}

¿Lo dejo aquí o te interesa verlo 10 minutos?

Nico","TRUE",""
"Unitec Reformas","Pozuelo de Alarcón","angelbueno@unitec-reformas.net","unitec-reformas","A-leads","A-leads","¿Pagas por leads que reciben 4?","Hola,

¿Cuántas visitas y presupuestos haces a clientes que luego no contestan, o que solo querían comparar precio? Y si el contacto viene de Habitissimo o Cronoshare, encima lo has pagado y lo tienen otras tres empresas.

He preparado un simulador para la web de Unitec Reformas: el cliente elige tipo de obra, metros y calidades, ve un precio orientativo y te escribe ya sabiendo cuánto cuesta. Ese contacto es solo tuyo.

Ya está montado con tu nombre y tus servicios (reformas integrales, cocinas y baños):
{link_demo}

¿Hoy te llegan más clientes por tu web o por plataformas?

Nico Soto
nico-soto.es","Re: ¿Pagas por leads que reciben 4?","Hola de nuevo,

Un contacto de plataforma cuesta 15 € o más y le llega a la vez a otras tres empresas: o llamas el primero o lo pierdes.

Los que entran por el simulador de tu web ya han visto un precio y no los comparte nadie:
{link_demo}

¿Pagas hoy por contactos en alguna plataforma?

Nico","Re: ¿Pagas por leads que reciben 4?","Hola,

Último correo. Cada visita a alguien que solo quería ""hacerse una idea"" es una mañana perdida. Con el simulador, quien no encaja con el precio ya no te llama.

La demo de Unitec Reformas sigue aquí: {link_demo}

¿Lo dejo aquí o te interesa verlo 10 minutos?

Nico","TRUE",""
"Caoba Majadahonda","Majadahonda","info@caobamajadahonda.com","caoba-majadahonda","B-contesta","B-contesta","Presupuestos que no te contestan","Hola,

¿Cuántas visitas y presupuestos haces a clientes que luego no contestan, o que solo querían comparar precio? Y si el contacto viene de Habitissimo o Cronoshare, encima lo has pagado y lo tienen otras tres empresas.

He preparado un simulador para la web de Caoba Majadahonda: el cliente elige tipo de obra, metros y calidades, ve un precio orientativo y te escribe ya sabiendo cuánto cuesta. Ese contacto es solo tuyo.

Ya está montado con tu nombre y tus servicios (reformas integrales, cocinas y baños):
{link_demo}

¿Hoy te llegan más clientes por tu web o por plataformas?

Nico Soto
nico-soto.es","Re: Presupuestos que no te contestan","Hola de nuevo,

Un contacto de plataforma cuesta 15 € o más y le llega a la vez a otras tres empresas: o llamas el primero o lo pierdes.

Los que entran por el simulador de tu web ya han visto un precio y no los comparte nadie:
{link_demo}

¿Pagas hoy por contactos en alguna plataforma?

Nico","Re: Presupuestos que no te contestan","Hola,

Último correo. Cada visita a alguien que solo quería ""hacerse una idea"" es una mañana perdida. Con el simulador, quien no encaja con el precio ya no te llama.

La demo de Caoba Majadahonda sigue aquí: {link_demo}

¿Lo dejo aquí o te interesa verlo 10 minutos?

Nico","TRUE",""
