nombre,web,email,telefono,direccion,n_resenas,rating,score_dolor,detalle_score,cita_gancho,notas
"Administraciones Cutillas, S.L.","http://cutillassl.es/","admon@cutillassl.es","+34 963 91 99 21","C/ dels Cavallers, 35, Ciutat Vella, 46001 València, Valencia, España","58","2.7","6","telefono 3 · incidencia 0","«Resulta imposible contactar con el administrador.» (1★, 2022-12-26)","15/18 reseñas recientes de 1-3★. El dueño contesta 0/30. 18 con texto"
"Administrador de fincas: Administraciones Murga","https://afmurga.es/","afmurga@afmurga.es","+34 963 81 55 51","C/ de l'Escultor Josep Capuz, 1, pta. 1, Quatre Carreres, 46006 València, Valencia, España","36","3.4","6","telefono 3 · incidencia 0","«No contestan al teléfono ni al email...» (1★, 2024-01-13)","10/24 reseñas recientes de 1-3★. El dueño contesta 22/30. 24 con texto"
"Administración de fincas Marina & Ballester","http://marinaballester.com/","solo formulario","+34 963 22 75 65","Avenida de, C/ d'Eduard Boscà, 32, El Llano del Real, 46023 València, Valencia, España","39","3.8","4","telefono 2 · incidencia 0","«No contestan al telefono.» (1★, 2026-09-25)","6/28 reseñas recientes de 1-3★. El dueño contesta 15/30. 28 con texto"
"Castañeyra & Asociados - Services and Packages - CLEP","https://castaneyra.es/","administracion@castaneyra.es","+34 962 07 12 22","C/ de Gayano Lluch, 18, Rascanya, 46025 València, Valencia, España","29","3.8","4","telefono 2 · incidencia 0","«Y ahora no responde el teléfono» (1★, 2026-03-31)","9/25 reseñas recientes de 1-3★. El dueño contesta 24/29. 25 con texto"
"Asesoramiento y Gestión","https://asesoramientoygestion.es/","asesoramientoygestioncbsl@gmail.com","+34 963 73 87 03","Carrer de Salamanca, 40, L'Eixample, 46005 València, Valencia, España","29","4.3","4","telefono 2 · incidencia 0","«Ahora entiendo porque no atienden el telf, están realizando tareas extras.» (1★, 2025-02-25)","5/23 reseñas recientes de 1-3★. El dueño contesta 3/29. 23 con texto"
"A & M Gestión Urbana, C. B.","http://www.gestion-urbana.com/","info@gestion-urbana.com","+34 963 84 66 51","nº, Carrer del Mestre Bellver, 40, 46018 València, Valencia, España","22","2.4","4","telefono 2 · incidencia 0","«No responden ningún e-mail, no cogen el teléfono cuando llamamos, hacen reuniones y no envían las actas de la reunión y cuando lo hacen falt…» (1★, 2024-09-24)","13/18 reseñas recientes de 1-3★. El dueño contesta 0/22. 18 con texto"
"Ensanche Administraciones Slp","http://www.ensancheadministraciones.com/","ensanche@ensancheadministraciones.com","+34 963 52 44 90","1, Carrer del Comte de Salvatierra, 11, 46004 València, España","21","2.3","4","telefono 2 · incidencia 0","«Nunca responden, te dan largas, ya llamarán, no dan la cara etc un auténtico desastre!!!» (1★, 2025-03-07)","14/16 reseñas recientes de 1-3★. El dueño contesta 13/21. 16 con texto"
"Fincas Florit","https://www.fincasflorit.es/","info@fincasflorit.es","+34 960 04 56 42","C/ de la Cooperativa de St. Ferran, 13, Jesús, 46007 València, Valencia, España","208","4.2","2","telefono 1 · incidencia 0","«No contestan el teléfono.» (1★, 2026-03-03)","2/17 reseñas recientes de 1-3★. El dueño contesta 29/30. 17 con texto"
"CIVITAS | Administrador de fincas","https://www.administradorvalencia.es/","solo formulario","+34 667 52 02 57","C/ de Josep Benlliure, 334, Poblats Marítims, 46011 València, Valencia, España","82","4.2","2","telefono 1 · incidencia 0","«La verdad es que le he llamado varias veces y no atienden el teléfono.» (1★, 2025-10-23)","9/21 reseñas recientes de 1-3★. El dueño contesta 10/30. 21 con texto"
"Administraciones Yak","http://www.administracionesyak.com/","info@administracionesyak.com","+34 963 23 40 73","Calle del Acorazado, 2, 4ª, Campanar, 46009 València, Valencia, España","73","4.1","2","telefono 1 · incidencia 0","«Hasta que llega un día que desaparecen: no cogen el teléfono, no contestan a los correos, ni si quiera hacen el menor caso a los diferentes…» (1★, 2024-12-16)","7/27 reseñas recientes de 1-3★. El dueño contesta 27/30. 27 con texto"
"Profinkas - La Plata","https://www.profinkas.es/","info@profinkas.es","+34 963 81 31 91","Carrer de Molina del Palau, 19, Quatre Carreres, 46013 València, Valencia, España","64","3.8","2","telefono 1 · incidencia 0","«…incipio todo parece que va a ser maravilloso, pero luego es imposible contactar con ellos, no te devuelven las llamadas, no recibimos las ac…» (1★, 2026-04-02)","14/27 reseñas recientes de 1-3★. El dueño contesta 2/30. 27 con texto"
"Indoper","sin web","sin web","+34 963 61 71 20","Carrer de Rodríguez de Cepeda, 30, bajo, Camins al Grau, 46021 València, Valencia, España","43","2.9","2","telefono 1 · incidencia 0","«Nunca contestan nuestros correos con dudas y cuando lo hacen las respuestas son recuestas o no respondes todas las preguntas.» (1★, 2023-02-08)","17/24 reseñas recientes de 1-3★. El dueño contesta 0/30. 24 con texto"
"GEFINVAL","sin web","sin web","+34 963 74 36 66","Av. de l'Institut Obrer de València, 16, escalera 2, puerta 20, Quatre Carreres, 46013 València, Valencia, España","41","3.4","2","telefono 1 · incidencia 0","«Imposible contactar...» (1★, 2023-07-12)","15/29 reseñas recientes de 1-3★. El dueño contesta 13/30. 29 con texto"
"Grupo APARISI - Administrador de Fincas colegiado","https://grupoaparisi.com/","gestion@grupoaparisi.com","+34 963 35 45 00","Av. de Peris i Valero, 134, bajo derecha, Quatre Carreres, 46006 València, Valencia, España","34","3","2","telefono 1 · incidencia 0","«…nistrador con resultante desfase en contabilidad y gestion, no atienden peticiones del Presidente y propietarios.…» (1★, 2023-01-17)","10/22 reseñas recientes de 1-3★. El dueño contesta 19/30. 22 con texto"
"GRUPO PALACIOS","http://www.grupopalacios.com/","info@grupopalacios.com","+34 963 28 88 82","C/ del Pare Tomàs de Montañana, 20, 6ª, Camins al Grau, 46023 València, Valencia, España","32","3.3","2","telefono 1 · incidencia 0","«No cogen el teléfono, siempre que llamo se pone el contestador y que soy el primero en la llamada en espera, además cuando les digo que teng…» (1★, 2022-08-04)","11/20 reseñas recientes de 1-3★. El dueño contesta 0/30. 20 con texto"
"ORTIFINCAS, S.L.","http://www.ortifincas.com/","ortifincas@ortifincas.com","+34 963 94 07 37","C. de Joaquim Ballester, 8, Campanar, 46009 València, Valencia, España","28","4.2","2","telefono 1 · incidencia 0","«Nunca cogen el teléfono.» (1★, 2023-07-14)","4/17 reseñas recientes de 1-3★. El dueño contesta 21/28. 17 con texto"
"Ferrando Administraciones","sin web","sin web","+34 963 80 95 22","C/ de Jeroni Munyós, 20, Jesús, 46007 València, Valencia, España","26","2.7","2","telefono 1 · incidencia 0","«Nunca contestan, les da igual los problemas de las fincas que gestionan.» (1★, 2025-10-21)","11/15 reseñas recientes de 1-3★. El dueño contesta 0/26. 15 con texto"
"Administraciones Real","sin web","sin web","+34 963 62 63 09","C/ d'Alboraia, 10, La Saïdia, 46010 València, Valencia, España","25","3.9","2","telefono 1 · incidencia 0","«…pregunta y tarda una eternidad en contestarte o no lo hace.Imposible hablar por telefono.Y la gestión de impagados nula,nula…» (1★, 2021-01-18)","6/23 reseñas recientes de 1-3★. El dueño contesta 0/25. 23 con texto"
"Luis Fernando López de Briñas Martínez","https://www.lbmadministraciondefincas.es/","lbmadmon@yahoo.es","+34 963 68 82 80","Av. del Primat Reig, 35, Rascanya, 46019 València, Valencia, España","23","3.5","2","telefono 1 · incidencia 0","«Siempre contestan lo mismo que avisarán el seguro pero no pasó nadie.Además por la tarde nadie atiende el teléfono.» (1★, 2023-09-15)","5/13 reseñas recientes de 1-3★. El dueño contesta 2/23. 13 con texto"
"Administraciones Vázquez","sin web","sin web","+34 963 34 84 56","C/ de Russafa, 8, L'Eixample, 46004 València, Valencia, España","19","1.2","2","telefono 1 · incidencia 0","«…isma opinión que el resto de usuarios: Ignoran los correos, no atienden a llamadas ni a quejas, no han girado recibos a tiempo ni dan ningún…» (1★, 2022-10-25)","18/19 reseñas recientes de 1-3★. El dueño contesta 0/19. 19 con texto"
"Raul Oscar Galan Arteta","https://fincasgesad.com/","fincaslafamilia@gmail.com","","C. de Crevillent, 25, bajo 2, Algirós, 46022 València, Valencia, España","15","1.3","2","telefono 1 · incidencia 0","«No responden al teléfono, no contestan emails de los Presidentes.» (1★, 2026-09-18)","12/13 reseñas recientes de 1-3★. El dueño contesta 0/15. 13 con texto"
"VILSAN ADMINISTRACION DE FINCAS","http://vilsan.com/","solo formulario","+34 962 14 00 16","C/ d' Alcàsser, Num 9, bajo Derecha, L'Olivereta, 46014 València, Valencia, España","15","2.6","2","telefono 1 · incidencia 0","«…so te atiende de forma maleducada y prepotente al teléfono, no te atienden ni solucionan nada solo saben cobrar y mirar por encima del hombr…» (1★, 2025-04-06)","8/10 reseñas recientes de 1-3★. El dueño contesta 6/15. 10 con texto"
"Afiser Valencia","https://www.afiser.es/","web no carga (sin comprobar)","+34 963 38 57 30","C/ de Bilbao, 36, La Saïdia, 46009 València, Valencia, España","24","3.1","1","telefono 0 · incidencia 1","«Tardan meses en arreglar las cosas, siempre excusándose con el seguro, no responden y cuando deciden hacerlo el resultado es pésimo y con ma…» (1★, 2025-10-27)","8/21 reseñas recientes de 1-3★. El dueño contesta 11/24. 21 con texto"
"Beniroig","https://www.beniroig.es/","info@beniroig.es","+34 963 30 40 11","Av. de Blasco Ibáñez, 116, Algirós, 46022 València, Valencia, España","710","4.8","0","telefono 0 · incidencia 0","","0/23 reseñas recientes de 1-3★. El dueño contesta 18/30. Ojo: las 30 últimas reseñas caen en 1 mes(es) (posible campaña de reseñas). 23 con texto"
"Infoárea Corporate Group","http://www.infoarea.es/","%20infoarea@inforarea.es","+34 963 44 74 74","C. d'Oltà, 40, Quatre Carreres, 46026 València, Valencia, España","253","4.8","0","telefono 0 · incidencia 0","","1/27 reseñas recientes de 1-3★. El dueño contesta 28/30. 27 con texto"
"Cercasa Servicios Inmobiliarios","http://www.cercasa.es/","cercasa@grupocercasa.es","+34 644 13 07 14","Carrer del Duc de Mandas, 8, bajo, Rascaña, 46019 València, Valencia, España","236","4.7","0","telefono 0 · incidencia 0","","0/24 reseñas recientes de 1-3★. El dueño contesta 30/30. 24 con texto"
"Cercasa | Servicios Inmobiliarios","http://www.cercasa.es/","cercasa@grupocercasa.es","+34 644 13 07 14","C/ de Pere Cabanes, 5, Rascanya, 46019 València, Valencia, España","187","4.8","0","telefono 0 · incidencia 0","","2/22 reseñas recientes de 1-3★. El dueño contesta 29/30. 22 con texto"
"Sales Rodríguez Administradores S L","http://sra.es/","administrador@sra.es","+34 963 78 92 48","Plaça d'Enric Granados, 3, Bajo Derecha, Patraix, 46018 València, Valencia, España","153","4","0","telefono 0 · incidencia 0","","0/30 reseñas recientes de 1-3★. El dueño contesta 28/30. Ojo: las 30 últimas reseñas caen en <1 mes(es) (posible campaña de reseñas)"
"Habitare Administracion de Fincas SL","http://www.habitare-fincas.com/","habitare@habitare-fincas.com","+34 963 15 20 19","C/ d'Espinosa, 8, Extramurs, 46008 València, Valencia, España","96","4.6","0","telefono 0 · incidencia 0","","1/30 reseñas recientes de 1-3★. El dueño contesta 1/30"
"Administraciones Vimar","https://www.administracionesvimar.com/","fincas@administracionesvimar.com","+34 963 51 75 59","Av. de l'Institut Obrer de València, 21, Entresuelo, Oficina nº 3, Quatre Carreres, 46013 València, Valencia, España","92","4.5","0","telefono 0 · incidencia 0","","3/25 reseñas recientes de 1-3★. El dueño contesta 29/30. 25 con texto"
"Gefinco Gestión de Inmuebles, S.L.","http://www.gefincosl.com/","info@gefincosl.com","+34 963 30 25 96","Carrer de Fontanars dels Alforins, 55-BIS, entresuelo 6, Patraix, 46014 València, Valencia, España","85","2.9","0","telefono 0 · incidencia 0","","8/22 reseñas recientes de 1-3★. El dueño contesta 21/30. 22 con texto"
"Fincas Mar - Administración y Gestión Inmobiliaria","http://www.tuadministracion.com/","info@tuadministracion.com","+34 963 82 35 38","Gran Via de Ramón y Cajal, 49, Pta 11, Extramurs, 46007 València, Valencia, España","84","4.8","0","telefono 0 · incidencia 0","","0/22 reseñas recientes de 1-3★. El dueño contesta 18/30. 22 con texto"
"Mediterráneo Administración de Fincas","https://www.mediterraneocomunidades.com/administracion-de-comunidades-y-fincas/valencia","info@mediterraneoglobal.es","+34 963 11 62 02","Gran Via del Marqués del Túria, 54, puerta 5 piso 1o puerta 1, Ensanche, 46005 València, Valencia, España","84","3","0","telefono 0 · incidencia 0","","20/26 reseñas recientes de 1-3★. El dueño contesta 13/30. 26 con texto"
"Administraciones Parrilla","http://www.administracionesparrilla.es/","info@administracionesparrilla.es","+34 963 91 01 27","C/ del Peu de la Creu, 1, Ciutat Vella, 46001 València, Valencia, España","84","4.1","0","telefono 0 · incidencia 0","","2/25 reseñas recientes de 1-3★. El dueño contesta 30/30. 25 con texto"
"Gescom","http://www.gescomvalencia.com/","info@gescomvalencia.com","+34 963 12 11 36","Av. d'Ausiàs March, 30, Quatre Carreres, 46004 València, Valencia, España","82","4.3","0","telefono 0 · incidencia 0","","9/30 reseñas recientes de 1-3★. El dueño contesta 8/30"
"Administraciones Inmobiliarias Eurozonas SL.","sin web","sin web","+34 963 52 60 06","Carrer de Sant Vicent Màrtir, 57, 1-1, Ciutat Vella, 46002 València, Valencia, España","74","3.9","0","telefono 0 · incidencia 0","","9/25 reseñas recientes de 1-3★. El dueño contesta 0/30. 25 con texto"
"Veris Administradores de Fincas","https://administradoresdefincasvalencia.veris.es/","web no carga (sin comprobar)","+34 636 65 38 18","C/ del Clariano, 34, Pta 2, Algirós, 46021 València, Valencia, España","73","4.9","0","telefono 0 · incidencia 0","","1/18 reseñas recientes de 1-3★. El dueño contesta 30/30. 18 con texto"
"Administración de Fincas Saurina","http://www.afsaurina.es/","alvaro@afsaurina.es","+34 611 13 99 75","Carrer d'Isabel la Catòlica, 19, Pta 3, Ensanche, 46004 València, Valencia, España","71","4.8","0","telefono 0 · incidencia 0","","2/26 reseñas recientes de 1-3★. El dueño contesta 9/30. 26 con texto"
"iberofincas","http://www.iberofincas.com/","iberofincas@gmail.com","+34 963 56 02 83","C/ de l'Explorador Andrés, 45, Algirós, 46022 València, Valencia, España","68","5","0","telefono 0 · incidencia 0","","0/18 reseñas recientes de 1-3★. El dueño contesta 30/30. 18 con texto"
"Profinkas - Av. del Cid","https://www.profinkas.es/","info@profinkas.es","+34 963 21 21 32","Av. del Cid, 57, bajo, L'Olivereta, 46018 València, Valencia, España","66","3.5","0","telefono 0 · incidencia 0","","9/22 reseñas recientes de 1-3★. El dueño contesta 7/30. 22 con texto"
"CENTROFINCAS","http://www.centrofincas.com/","centrofincas@gmail.com","+34 963 36 02 40","C/ del Convent de Jerusalem, 28, 18, Extramurs, 46007 València, Valencia, España","59","4.9","0","telefono 0 · incidencia 0","","0/21 reseñas recientes de 1-3★. El dueño contesta 29/30. 21 con texto"
"Ferrandis Administración de fincas","http://ferrandisaf.com/","adm@ferrandisaf.com","+34 963 67 09 38","C/ de l'Arquitecte Alfaro, 22, bajo derecha, Poblados Marítimos, 46011 València, Valencia, España","55","4.5","0","telefono 0 · incidencia 0","","5/28 reseñas recientes de 1-3★. El dueño contesta 9/30. 28 con texto"
"Administraciones Román","http://www.administraciones-roman.com/","roman@administraciones-roman.com","+34 963 37 13 02","Av. del Port, 16, El Pla del Real, 46023 València, España","53","3.2","0","telefono 0 · incidencia 0","","17/24 reseñas recientes de 1-3★. El dueño contesta 0/30. 24 con texto"
"Fincas Turia","http://www.fincasturia.com/","solo formulario","+34 963 95 93 55","Gran Via del Marqués del Túria, 2, 6ª, L'Eixample, 46005 València, Valencia, España","52","3.7","0","telefono 0 · incidencia 0","","13/27 reseñas recientes de 1-3★. El dueño contesta 18/30. 27 con texto"
"MERINO & OSMA","https://www.merinoyosma.es/","info@merinoyosma.es","+34 960 05 84 02","Carrer de Nicolau Primitiu Gómez, 12, Patraix, 46014 València, Valencia, España","48","4","0","telefono 0 · incidencia 0","","5/26 reseñas recientes de 1-3★. El dueño contesta 3/30. 26 con texto"
"Administraciones Miska S.L.","sin web","sin web","+34 963 48 50 06","Plaza Grup Parpalló, 18 (antes, Plaça Grup Parpalló, 46015, 46015 València, España","40","2.8","0","telefono 0 · incidencia 0","","13/21 reseñas recientes de 1-3★. El dueño contesta 0/30. 21 con texto"
"Fincas Egeda - Plaza España","https://www.fincasegeda.com/","contacto@fincasegeda.com","+34 960 11 66 43","C/ de Sant Francesc de Borja, 4, Extramurs, 46007 València, Valencia, España","36","4.3","0","telefono 0 · incidencia 0","","3/24 reseñas recientes de 1-3★. El dueño contesta 3/30. 24 con texto"
"TRIPLECE ADMINISTRACION Y EMPRESAS","sin web","sin web","+34 644 97 13 99","Carrer del Pintor Jover, Ctra. d'Artés, 10, BAJO IZQ (esquina, 46013 València, Valencia, España","34","5","0","telefono 0 · incidencia 0","","0/24 reseñas recientes de 1-3★. El dueño contesta 1/30. Ojo: las 30 últimas reseñas caen en 1 mes(es) (posible campaña de reseñas). 24 con texto"
"Arca Arnaldos Administraciones","http://www.arcaarnaldos.com/","solo formulario","+34 963 31 83 11","C/ de la Noguera, 20, Camins al Grau, 46023 València, Valencia, España","34","3.6","0","telefono 0 · incidencia 0","","10/26 reseñas recientes de 1-3★. El dueño contesta 3/30. 26 con texto"
"Administración de Fincas Gea, S.L.","http://www.fincasgea.com/","admingea@fincasgea.com","+34 963 37 02 26","C/ Isabel la Católica, Nº8 Piso 5º Despacho 72, 46004 València, Valencia, España","32","3.2","0","telefono 0 · incidencia 0","","10/23 reseñas recientes de 1-3★. El dueño contesta 0/30. 23 con texto"
"Ruiz Mauri S.L.","http://www.ruiz-mauri.es/","ruiz-mauri@ruiz-mauri.es","+34 963 77 75 70","Carrer de Fontanars dels Alforins, 39, Patraix, 46014 València, Valencia, España","31","2.9","0","telefono 0 · incidencia 0","","4/12 reseñas recientes de 1-3★. El dueño contesta 15/30. 12 con texto"
"Las Torres Administración de Fincas","http://www.lastorresadministracion.com/","solo formulario","+34 963 85 21 21","Carrer de Ramón Perellós, 41, Bajo izquierda, Patraix, 46017 València, Valencia, España","28","4.7","0","telefono 0 · incidencia 0","","1/10 reseñas recientes de 1-3★. El dueño contesta 5/28. 10 con texto"
"Horizontal y Jurídico","http://www.horizontalyjuridico.es/","web no carga (sin comprobar)","+34 963 74 98 20","Carrer de les Garrigues, 17, Ciutat Vella, 46001 València, Valencia, España","28","3.5","0","telefono 0 · incidencia 0","","7/19 reseñas recientes de 1-3★. El dueño contesta 0/28. 19 con texto"
"Administraciones Tamarit-Flórez","http://www.tamarit-florez.es/","administracion@gftamarit.es","+34 963 32 33 29","Carrer de Cambrils, 8, Rascanya, 46019 València, Valencia, España","27","2.6","0","telefono 0 · incidencia 0","","10/17 reseñas recientes de 1-3★. El dueño contesta 0/27. 17 con texto"
"Administrador de Fincas Enrique Manuel Pérez Sanjuán","https://administradordefincasenvalencia.com/","enrique.fincas.sanjuan@gmail.com","+34 601 37 15 06","C/ del Pare Urbano, 13, BAJO, La Zaidía, 46009 València, Valencia, España","26","4.8","0","telefono 0 · incidencia 0","","1/22 reseñas recientes de 1-3★. El dueño contesta 0/26. 22 con texto"
"FG","sin web","sin web","","Carrer de José Pastor Moreno, Pobles del Sud, 46017 València, Valencia, España","25","4.9","0","telefono 0 · incidencia 0","","1/17 reseñas recientes de 1-3★. El dueño contesta 11/25. 17 con texto"
"Cano Consultores S.L.","https://asesoriayadministracioncano.es/","administracion@acanoconsultores.com","+34 963 73 59 41","Carrer de l'Uruguai, 11, despacho 109, Jesús, 46007 València, Valencia, España","23","4","0","telefono 0 · incidencia 0","","5/23 reseñas recientes de 1-3★. El dueño contesta 15/23. 23 con texto"
"Servifinca","https://servifinca.com/","solo formulario","+34 963 95 26 24","Carrer de la Pianista Empar Iturbi, 63, bajo, Quatre Carreres, 46006 València, Valencia, España","23","4.2","0","telefono 0 · incidencia 0","","4/20 reseñas recientes de 1-3★. El dueño contesta 9/23. 20 con texto"
"Administrador de Fincas en Valencia - Administraciones Delgado","https://www.administradoresdefincasvalencia.net/","administracion@adslu.com","+34 963 39 13 97","Av. d'Aragó, 25, Entlo - Local U, El Llano del Real, 46010 València, Valencia, España","21","4.7","0","telefono 0 · incidencia 0","","2/19 reseñas recientes de 1-3★. El dueño contesta 17/21. 19 con texto"
"Sefer Administraciones","sin web","sin web","+34 960 26 24 14","Carrer d'Hug de Montcada, 15, La Saïdia, 46010 València, Valencia, España","20","3.5","0","telefono 0 · incidencia 0","","3/11 reseñas recientes de 1-3★. El dueño contesta 12/20. 11 con texto"
"Nouveinat","https://nouveinat.com/","info@nouveinat.com","+34 624 18 29 61","Avinguda de la Constitució, 39, Pta 8, La Zaidía, 46009 València, Valencia, España","20","4.7","0","telefono 0 · incidencia 0","","1/19 reseñas recientes de 1-3★. El dueño contesta 13/20. 19 con texto"
"Proxime","http://www.proxime.es/","proxime@proxime.es","+34 963 20 57 93","Av. del Port, 40, Local, El Pla del Real, 46023 València, Valencia, España","20","3.6","0","telefono 0 · incidencia 0","","6/17 reseñas recientes de 1-3★. El dueño contesta 0/20. 17 con texto"
"Marcal Algiros Administración de Fincas","https://valenciaalgiros.marcalasesores.com/","algiros@marcalasesores.com","+34 644 67 62 11","Carrer de Salvador Pau, 6, Bajo, Camins al Grau, 46021 València, Valencia, España","19","4.7","0","telefono 0 · incidencia 0","","2/16 reseñas recientes de 1-3★. El dueño contesta 6/19. 16 con texto"
"REIG ADMINISTRACIÓN DE FINCAS","http://reigadministraciondefincas.es/","reig.comunidades@gmail.com","+34 963 69 79 56","Carrer de Cuenca Tramoyeres, 13, Puerta 2, Benimaclet, 46020 València, Valencia, España","19","4.6","0","telefono 0 · incidencia 0","","2/16 reseñas recientes de 1-3★. El dueño contesta 2/19. 16 con texto"
"Administraciones Salanova","sin web","sin web","+34 963 92 20 17","C/ dels Carnissers, 13, Ciutat Vella, 46001 València, Valencia, España","19","3.1","0","telefono 0 · incidencia 0","","7/16 reseñas recientes de 1-3★. El dueño contesta 0/19. 16 con texto"
"Administración de fincas, Admon Collado S.L.","sin web","sin web","+34 963 66 20 70","Av. del Dr. Peset Aleixandre, 5-2, La Saïdia, 46009 València, Valencia, España","19","2.9","0","telefono 0 · incidencia 0","","3/6 reseñas recientes de 1-3★. El dueño contesta 4/19. 6 con texto"
"ALEAS","sin web","sin web","+34 963 12 28 58","Carrer del Pare Carbonell, 7, Benicalap, 46025 València, Valencia, España","19","4.2","0","telefono 0 · incidencia 0","","3/14 reseñas recientes de 1-3★. El dueño contesta 0/19. 14 con texto"
"Administración Fincas Alejo Y Rosa + Arquitectura","http://www.adfincas-ar.es/","admon@adfincas-ar.es","+34 696 28 60 61","C/ dels Campaners, 36, Patraix, 46014 València, Valencia, España","19","3.1","0","telefono 0 · incidencia 0","","7/13 reseñas recientes de 1-3★. El dueño contesta 11/19. 13 con texto"
"Adm. De Fincas F.M.Portaña S.L.","https://administraciondefincasportana.com/","monica.portanya@gmail.com","+34 963 85 75 03","Carrer d'Alberic, 27, -Esquina, C/ d'Ontinyent, 46008 València, España","18","3.1","0","telefono 0 · incidencia 0","","7/13 reseñas recientes de 1-3★. El dueño contesta 2/18. 13 con texto"
"Administración de Fincas Rivelles S.L.","http://administracionesrivelles.com/","info@administracionesrivelles.com","+34 963 73 80 77","Carrer de Lluís de Santàngel, 15, Bajo, Ensanche, 46005 València, Valencia, España","18","3.9","0","telefono 0 · incidencia 0","","4/12 reseñas recientes de 1-3★. El dueño contesta 2/18. 12 con texto"
"Administrador De Fincas Francisco Tarín Ros Burriana","sin web","sin web","+34 963 73 87 63","Carrer de Borriana, 18, L'Eixample, 46005 València, Valencia, España","17","3.2","0","telefono 0 · incidencia 0","","5/12 reseñas recientes de 1-3★. El dueño contesta 0/17. 12 con texto"
"Administraciones Ortiz S.L.U","https://administracionesortiz.com/","hola@administracionesortiz.com","+34 961 32 03 23","Carrer de Vicent Sancho Tello, 19 - 8, El Pla del Real, 46021 València, Valencia, España","17","3.9","0","telefono 0 · incidencia 0","","4/13 reseñas recientes de 1-3★. El dueño contesta 12/17. 13 con texto"
"Dfincas | Administrador de fincas en Valencia","https://www.dfincas.es/","solo formulario","+34 960 01 42 22","Avinguda de Pérez Galdós, 81, L'Olivereta, 46018 València, Valencia, España","16","4.8","0","telefono 0 · incidencia 0","","0/15 reseñas recientes de 1-3★. El dueño contesta 0/16. 15 con texto"
"Administraciones Madrid","http://www.administracionesmadrid.com/","web no carga (sin comprobar)","+34 963 61 02 95","Carrer del Músic Magenti, 4, Benimaclet, 46020 València, España","16","3.6","0","telefono 0 · incidencia 0","","5/10 reseñas recientes de 1-3★. El dueño contesta 0/16. 10 con texto"
"Fincas Egeda - Alfahuir","https://www.fincasegeda.com/","contacto@fincasegeda.com","+34 960 04 99 37","Av. de Valladolid, 2, Bajo Comercial, Rascanya, 46020 València, Valencia, España","15","3.9","0","telefono 0 · incidencia 0","","3/9 reseñas recientes de 1-3★. El dueño contesta 2/15. 9 con texto"
"Administración de Fincas Manglano S.L.","http://www.fincasmanglano.com/","info@fincasmanglano.com","+34 963 52 68 44","Carrer d'Honorat Juan, 7, bajo derecha, Extramurs, 46007 València, Valencia, España","15","3.5","0","telefono 0 · incidencia 0","","2/6 reseñas recientes de 1-3★. El dueño contesta 12/15. 6 con texto"
"Isabel Moreno - MG Administraciones","http://www.isabelmorenogreses.es/","isabel@mgadministraciones.com","+34 963 60 66 00","Carrer del Poeta Carles Salvador, 11, 5, Benimaclet, 46020 València, Valencia, España","15","5","0","telefono 0 · incidencia 0","","0/10 reseñas recientes de 1-3★. El dueño contesta 0/15. 10 con texto"
"ADMINISTRACIONES PICAZO Y FERNÁNDEZ SL","http://juridicopicazo.com/","administracion@juridicopicazo.com","+34 963 73 22 73","Carrer del Pintor Enric Ginesta, 4, Benimaclet, 46020 València, Valencia, España","15","4.7","0","telefono 0 · incidencia 0","","0/9 reseñas recientes de 1-3★. El dueño contesta 0/15. 9 con texto"
