n,lote,empresa,ciudad,web,demo_url,slug,lead_id,asunto,mensaje,mensaje_corto
"167","madrid5","Brico&Más","Tres Cantos","http://www.bricomas.net/","https://presupuestos.nico-soto.es/demo/brico-mas","brico-mas","cd46eac0-b45e-4a8d-a5c2-71c3c9e0bcec","Presupuestos que no te contestan","Hola,

¿Cuántas visitas y presupuestos haces a clientes que luego no contestan, o que solo querían comparar precio? Y si el contacto viene de Habitissimo o Cronoshare, encima lo has pagado y lo tienen otras tres empresas.

He preparado un simulador para la web de Brico&Más: el cliente elige tipo de obra, metros y calidades, ve un precio orientativo y te escribe ya sabiendo cuánto cuesta. Ese contacto es solo tuyo.

Ya está montado con tu nombre y tus servicios (reformas integrales, manitas a domicilio y bricolaje):
https://presupuestos.nico-soto.es/demo/brico-mas

¿Hoy te llegan más clientes por tu web o por plataformas?

Nico Soto
nico-soto.es","Hola, he preparado un simulador de presupuestos para la web de Brico&Más: el cliente elige tipo de obra, metros y calidades, ve un precio orientativo y te escribe ya sabiendo cuánto cuesta. Ya está montado con tu nombre: https://presupuestos.nico-soto.es/demo/brico-mas — ¿Hoy te llegan más clientes por tu web o por plataformas? Nico Soto · nico-soto.es"
"168","madrid5","Cerodisa","Pozuelo de Alarcón","http://www.reformascerodisa.com/contacto.aspx?ID=5798","https://presupuestos.nico-soto.es/demo/cerodisa","cerodisa","eac86c9f-ab5d-4a99-8ba9-e30df8e0d7c8","¿Pagas por leads que reciben 4?","Hola,

¿Cuántas visitas y presupuestos haces a clientes que luego no contestan, o que solo querían comparar precio? Y si el contacto viene de Habitissimo o Cronoshare, encima lo has pagado y lo tienen otras tres empresas.

He preparado un simulador para la web de Cerodisa: el cliente elige tipo de obra, metros y calidades, ve un precio orientativo y te escribe ya sabiendo cuánto cuesta. Ese contacto es solo tuyo.

Ya está montado con tu nombre y tus servicios (reformas de baños, alicatado de cocinas y pintores):
https://presupuestos.nico-soto.es/demo/cerodisa

¿Hoy te llegan más clientes por tu web o por plataformas?

Nico Soto
nico-soto.es","Hola, he preparado un simulador de presupuestos para la web de Cerodisa: el cliente elige tipo de obra, metros y calidades, ve un precio orientativo y te escribe ya sabiendo cuánto cuesta. Ya está montado con tu nombre: https://presupuestos.nico-soto.es/demo/cerodisa — ¿Hoy te llegan más clientes por tu web o por plataformas? Nico Soto · nico-soto.es"
"171","madrid5","Reformar Renovación","Fuenlabrada","https://reformarrenovacion.es/","https://presupuestos.nico-soto.es/demo/reformar-renovacion","reformar-renovacion","565193db-7bf0-4b37-88c8-3ffc0b3bcb21","Presupuestos que no te contestan","Hola,

¿Cuántas visitas y presupuestos haces a clientes que luego no contestan, o que solo querían comparar precio? Y si el contacto viene de Habitissimo o Cronoshare, encima lo has pagado y lo tienen otras tres empresas.

He preparado un simulador para la web de Reformar Renovación: el cliente elige tipo de obra, metros y calidades, ve un precio orientativo y te escribe ya sabiendo cuánto cuesta. Ese contacto es solo tuyo.

Ya está montado con tu nombre y tus servicios (reformas integrales de viviendas):
https://presupuestos.nico-soto.es/demo/reformar-renovacion

¿Hoy te llegan más clientes por tu web o por plataformas?

Nico Soto
nico-soto.es","Hola, he preparado un simulador de presupuestos para la web de Reformar Renovación: el cliente elige tipo de obra, metros y calidades, ve un precio orientativo y te escribe ya sabiendo cuánto cuesta. Ya está montado con tu nombre: https://presupuestos.nico-soto.es/demo/reformar-renovacion — ¿Hoy te llegan más clientes por tu web o por plataformas? Nico Soto · nico-soto.es"
"173","madrid5","Transformaya","Arganda del Rey","https://transformaya.com/","https://presupuestos.nico-soto.es/demo/transformaya","transformaya","2554c66e-e13c-4000-af65-1419f34c68b9","Presupuestos que no te contestan","Hola,

¿Cuántas visitas y presupuestos haces a clientes que luego no contestan, o que solo querían comparar precio? Y si el contacto viene de Habitissimo o Cronoshare, encima lo has pagado y lo tienen otras tres empresas.

He preparado un simulador para la web de Transformaya: el cliente elige tipo de obra, metros y calidades, ve un precio orientativo y te escribe ya sabiendo cuánto cuesta. Ese contacto es solo tuyo.

Ya está montado con tu nombre y tus servicios (reformas de baños):
https://presupuestos.nico-soto.es/demo/transformaya

¿Hoy te llegan más clientes por tu web o por plataformas?

Nico Soto
nico-soto.es","Hola, he preparado un simulador de presupuestos para la web de Transformaya: el cliente elige tipo de obra, metros y calidades, ve un precio orientativo y te escribe ya sabiendo cuánto cuesta. Ya está montado con tu nombre: https://presupuestos.nico-soto.es/demo/transformaya — ¿Hoy te llegan más clientes por tu web o por plataformas? Nico Soto · nico-soto.es"
"175","madrid5","ASC Construcciones y Reformas","Torrejón de Ardoz","https://construccionesasc.com/","https://presupuestos.nico-soto.es/demo/asc-reformas","asc-reformas","f29744d8-0e17-4f12-9da8-5cbbd2122a87","Presupuestos que no te contestan","Hola,

¿Cuántas visitas y presupuestos haces a clientes que luego no contestan, o que solo querían comparar precio? Y si el contacto viene de Habitissimo o Cronoshare, encima lo has pagado y lo tienen otras tres empresas.

He preparado un simulador para la web de ASC Construcciones y Reformas: el cliente elige tipo de obra, metros y calidades, ve un precio orientativo y te escribe ya sabiendo cuánto cuesta. Ese contacto es solo tuyo.

Ya está montado con tu nombre y tus servicios (reformas integrales de pisos y chalets):
https://presupuestos.nico-soto.es/demo/asc-reformas

¿Hoy te llegan más clientes por tu web o por plataformas?

Nico Soto
nico-soto.es","Hola, he preparado un simulador de presupuestos para la web de ASC Construcciones y Reformas: el cliente elige tipo de obra, metros y calidades, ve un precio orientativo y te escribe ya sabiendo cuánto cuesta. Ya está montado con tu nombre: https://presupuestos.nico-soto.es/demo/asc-reformas — ¿Hoy te llegan más clientes por tu web o por plataformas? Nico Soto · nico-soto.es"
"176","madrid5","WannaHome","Pozuelo de Alarcón","https://www.wannahome.es/","https://presupuestos.nico-soto.es/demo/wannahome","wannahome","d00b00ce-dfdb-4190-a640-e4fe0f4697cb","¿Pagas por leads que reciben 4?","Hola,

¿Cuántas visitas y presupuestos haces a clientes que luego no contestan, o que solo querían comparar precio? Y si el contacto viene de Habitissimo o Cronoshare, encima lo has pagado y lo tienen otras tres empresas.

He preparado un simulador para la web de WannaHome: el cliente elige tipo de obra, metros y calidades, ve un precio orientativo y te escribe ya sabiendo cuánto cuesta. Ese contacto es solo tuyo.

Ya está montado con tu nombre y tus servicios (reformas integrales, mejoras del hogar y carpintería):
https://presupuestos.nico-soto.es/demo/wannahome

¿Hoy te llegan más clientes por tu web o por plataformas?

Nico Soto
nico-soto.es","Hola, he preparado un simulador de presupuestos para la web de WannaHome: el cliente elige tipo de obra, metros y calidades, ve un precio orientativo y te escribe ya sabiendo cuánto cuesta. Ya está montado con tu nombre: https://presupuestos.nico-soto.es/demo/wannahome — ¿Hoy te llegan más clientes por tu web o por plataformas? Nico Soto · nico-soto.es"
"178","madrid5","Rez-Estudio","Las Rozas de Madrid","http://www.rez-estudio.com/","https://presupuestos.nico-soto.es/demo/rez-estudio","rez-estudio","30c86a1e-3484-464b-b4f0-29f2a6495cec","¿Pagas por leads que reciben 4?","Hola,

¿Cuántas visitas y presupuestos haces a clientes que luego no contestan, o que solo querían comparar precio? Y si el contacto viene de Habitissimo o Cronoshare, encima lo has pagado y lo tienen otras tres empresas.

He preparado un simulador para la web de Rez-Estudio: el cliente elige tipo de obra, metros y calidades, ve un precio orientativo y te escribe ya sabiendo cuánto cuesta. Ese contacto es solo tuyo.

Ya está montado con tu nombre y tus servicios (reformas integrales, obra nueva e interiorismo):
https://presupuestos.nico-soto.es/demo/rez-estudio

¿Hoy te llegan más clientes por tu web o por plataformas?

Nico Soto
nico-soto.es","Hola, he preparado un simulador de presupuestos para la web de Rez-Estudio: el cliente elige tipo de obra, metros y calidades, ve un precio orientativo y te escribe ya sabiendo cuánto cuesta. Ya está montado con tu nombre: https://presupuestos.nico-soto.es/demo/rez-estudio — ¿Hoy te llegan más clientes por tu web o por plataformas? Nico Soto · nico-soto.es"
"181","madrid5","Crisreformas","Alcorcón","http://www.crisreformas.com/","https://presupuestos.nico-soto.es/demo/crisreformas","crisreformas","c225f0ad-7ba3-47f0-ba9f-c7f43465ebad","Presupuestos que no te contestan","Hola,

¿Cuántas visitas y presupuestos haces a clientes que luego no contestan, o que solo querían comparar precio? Y si el contacto viene de Habitissimo o Cronoshare, encima lo has pagado y lo tienen otras tres empresas.

He preparado un simulador para la web de Crisreformas: el cliente elige tipo de obra, metros y calidades, ve un precio orientativo y te escribe ya sabiendo cuánto cuesta. Ese contacto es solo tuyo.

Ya está montado con tu nombre y tus servicios (reforma integral de vivienda):
https://presupuestos.nico-soto.es/demo/crisreformas

¿Hoy te llegan más clientes por tu web o por plataformas?

Nico Soto
nico-soto.es","Hola, he preparado un simulador de presupuestos para la web de Crisreformas: el cliente elige tipo de obra, metros y calidades, ve un precio orientativo y te escribe ya sabiendo cuánto cuesta. Ya está montado con tu nombre: https://presupuestos.nico-soto.es/demo/crisreformas — ¿Hoy te llegan más clientes por tu web o por plataformas? Nico Soto · nico-soto.es"
"183","madrid5","Némesis Reformas","Leganés","https://www.nemesisleganes.com/","https://presupuestos.nico-soto.es/demo/nemesis-reformas","nemesis-reformas","a32c2d29-eab5-49f4-8b01-43fc709116b2","Presupuestos que no te contestan","Hola,

¿Cuántas visitas y presupuestos haces a clientes que luego no contestan, o que solo querían comparar precio? Y si el contacto viene de Habitissimo o Cronoshare, encima lo has pagado y lo tienen otras tres empresas.

He preparado un simulador para la web de Némesis Reformas: el cliente elige tipo de obra, metros y calidades, ve un precio orientativo y te escribe ya sabiendo cuánto cuesta. Ese contacto es solo tuyo.

Ya está montado con tu nombre y tus servicios (reformas integrales, cocinas y baños):
https://presupuestos.nico-soto.es/demo/nemesis-reformas

¿Hoy te llegan más clientes por tu web o por plataformas?

Nico Soto
nico-soto.es","Hola, he preparado un simulador de presupuestos para la web de Némesis Reformas: el cliente elige tipo de obra, metros y calidades, ve un precio orientativo y te escribe ya sabiendo cuánto cuesta. Ya está montado con tu nombre: https://presupuestos.nico-soto.es/demo/nemesis-reformas — ¿Hoy te llegan más clientes por tu web o por plataformas? Nico Soto · nico-soto.es"
"184","madrid5","Grupo Edma","Arganda del Rey","https://www.grupoedma.info/","https://presupuestos.nico-soto.es/demo/grupo-edma","grupo-edma","65a7cf88-8435-4a54-ac4a-b0052e209595","¿Pagas por leads que reciben 4?","Hola,

¿Cuántas visitas y presupuestos haces a clientes que luego no contestan, o que solo querían comparar precio? Y si el contacto viene de Habitissimo o Cronoshare, encima lo has pagado y lo tienen otras tres empresas.

He preparado un simulador para la web de Grupo Edma: el cliente elige tipo de obra, metros y calidades, ve un precio orientativo y te escribe ya sabiendo cuánto cuesta. Ese contacto es solo tuyo.

Ya está montado con tu nombre y tus servicios (reformas de vivienda, cocinas y baños):
https://presupuestos.nico-soto.es/demo/grupo-edma

¿Hoy te llegan más clientes por tu web o por plataformas?

Nico Soto
nico-soto.es","Hola, he preparado un simulador de presupuestos para la web de Grupo Edma: el cliente elige tipo de obra, metros y calidades, ve un precio orientativo y te escribe ya sabiendo cuánto cuesta. Ya está montado con tu nombre: https://presupuestos.nico-soto.es/demo/grupo-edma — ¿Hoy te llegan más clientes por tu web o por plataformas? Nico Soto · nico-soto.es"
"186","madrid5","Construcción, Decoración y Rehabilitación","Alcalá de Henares","http://www.estudioarq.com/","https://presupuestos.nico-soto.es/demo/construccion-decoracion-rehabilitacion","construccion-decoracion-rehabilitacion","eaded490-8091-40f5-8aa3-455f1e6b6429","¿Pagas por leads que reciben 4?","Hola,

¿Cuántas visitas y presupuestos haces a clientes que luego no contestan, o que solo querían comparar precio? Y si el contacto viene de Habitissimo o Cronoshare, encima lo has pagado y lo tienen otras tres empresas.

He preparado un simulador para la web de Construcción, Decoración y Rehabilitación: el cliente elige tipo de obra, metros y calidades, ve un precio orientativo y te escribe ya sabiendo cuánto cuesta. Ese contacto es solo tuyo.

Ya está montado con tu nombre y tus servicios (reformas integrales residenciales):
https://presupuestos.nico-soto.es/demo/construccion-decoracion-rehabilitacion

¿Hoy te llegan más clientes por tu web o por plataformas?

Nico Soto
nico-soto.es","Hola, he preparado un simulador de presupuestos para la web de Construcción, Decoración y Rehabilitación: el cliente elige tipo de obra, metros y calidades, ve un precio orientativo y te escribe ya sabiendo cuánto cuesta. Ya está montado con tu nombre: https://presupuestos.nico-soto.es/demo/construccion-decoracion-rehabilitacion — ¿Hoy te llegan más clientes por tu web o por plataformas? Nico Soto · nico-soto.es"
"189","madrid6","Madrileña de Pinturas y Reformas","Pozuelo de Alarcón","https://mdepinturasyreformas.com/","https://presupuestos.nico-soto.es/demo/madrilena-pinturas-reformas","madrilena-pinturas-reformas","ac042676-01f7-4e28-a3e9-d28ca55b4b36","¿Pagas por leads que reciben 4?","Hola,

¿Cuántas visitas y presupuestos haces a clientes que luego no contestan, o que solo querían comparar precio? Y si el contacto viene de Habitissimo o Cronoshare, encima lo has pagado y lo tienen otras tres empresas.

He preparado un simulador para la web de Madrileña de Pinturas y Reformas: el cliente elige tipo de obra, metros y calidades, ve un precio orientativo y te escribe ya sabiendo cuánto cuesta. Ese contacto es solo tuyo.

Ya está montado con tu nombre y tus servicios (pinturas, reformas integrales y decoración):
https://presupuestos.nico-soto.es/demo/madrilena-pinturas-reformas

¿Hoy te llegan más clientes por tu web o por plataformas?

Nico Soto
nico-soto.es","Hola, he preparado un simulador de presupuestos para la web de Madrileña de Pinturas y Reformas: el cliente elige tipo de obra, metros y calidades, ve un precio orientativo y te escribe ya sabiendo cuánto cuesta. Ya está montado con tu nombre: https://presupuestos.nico-soto.es/demo/madrilena-pinturas-reformas — ¿Hoy te llegan más clientes por tu web o por plataformas? Nico Soto · nico-soto.es"
"192","madrid6","Decoreforma3c","Tres Cantos","https://www.decoreforma3c.es/","https://presupuestos.nico-soto.es/demo/decoreforma3c","decoreforma3c","3c76292c-f62d-4e69-8cff-ec6076c4c89b","Presupuestos que no te contestan","Hola,

¿Cuántas visitas y presupuestos haces a clientes que luego no contestan, o que solo querían comparar precio? Y si el contacto viene de Habitissimo o Cronoshare, encima lo has pagado y lo tienen otras tres empresas.

He preparado un simulador para la web de Decoreforma3c: el cliente elige tipo de obra, metros y calidades, ve un precio orientativo y te escribe ya sabiendo cuánto cuesta. Ese contacto es solo tuyo.

Ya está montado con tu nombre y tus servicios (reformas integrales, cocinas y baños):
https://presupuestos.nico-soto.es/demo/decoreforma3c

¿Hoy te llegan más clientes por tu web o por plataformas?

Nico Soto
nico-soto.es","Hola, he preparado un simulador de presupuestos para la web de Decoreforma3c: el cliente elige tipo de obra, metros y calidades, ve un precio orientativo y te escribe ya sabiendo cuánto cuesta. Ya está montado con tu nombre: https://presupuestos.nico-soto.es/demo/decoreforma3c — ¿Hoy te llegan más clientes por tu web o por plataformas? Nico Soto · nico-soto.es"
"193","madrid6","Vivienda Sana","San Sebastián de los Reyes","http://www.viviendasana.es/","https://presupuestos.nico-soto.es/demo/vivienda-sana","vivienda-sana","e2d7db7c-0928-4885-b6db-e288df8b8010","¿Pagas por leads que reciben 4?","Hola,

¿Cuántas visitas y presupuestos haces a clientes que luego no contestan, o que solo querían comparar precio? Y si el contacto viene de Habitissimo o Cronoshare, encima lo has pagado y lo tienen otras tres empresas.

He preparado un simulador para la web de Vivienda Sana: el cliente elige tipo de obra, metros y calidades, ve un precio orientativo y te escribe ya sabiendo cuánto cuesta. Ese contacto es solo tuyo.

Ya está montado con tu nombre y tus servicios (reformas de vivienda):
https://presupuestos.nico-soto.es/demo/vivienda-sana

¿Hoy te llegan más clientes por tu web o por plataformas?

Nico Soto
nico-soto.es","Hola, he preparado un simulador de presupuestos para la web de Vivienda Sana: el cliente elige tipo de obra, metros y calidades, ve un precio orientativo y te escribe ya sabiendo cuánto cuesta. Ya está montado con tu nombre: https://presupuestos.nico-soto.es/demo/vivienda-sana — ¿Hoy te llegan más clientes por tu web o por plataformas? Nico Soto · nico-soto.es"
"195","madrid6","Reformas Factory","Parla","https://reformasfactory.es/","https://presupuestos.nico-soto.es/demo/reformas-factory","reformas-factory","3014a431-4f99-4a2e-aebc-b5536f508c96","¿Pagas por leads que reciben 4?","Hola,

¿Cuántas visitas y presupuestos haces a clientes que luego no contestan, o que solo querían comparar precio? Y si el contacto viene de Habitissimo o Cronoshare, encima lo has pagado y lo tienen otras tres empresas.

He preparado un simulador para la web de Reformas Factory: el cliente elige tipo de obra, metros y calidades, ve un precio orientativo y te escribe ya sabiendo cuánto cuesta. Ese contacto es solo tuyo.

Ya está montado con tu nombre y tus servicios (reformas de baños y de interior de vivienda):
https://presupuestos.nico-soto.es/demo/reformas-factory

¿Hoy te llegan más clientes por tu web o por plataformas?

Nico Soto
nico-soto.es","Hola, he preparado un simulador de presupuestos para la web de Reformas Factory: el cliente elige tipo de obra, metros y calidades, ve un precio orientativo y te escribe ya sabiendo cuánto cuesta. Ya está montado con tu nombre: https://presupuestos.nico-soto.es/demo/reformas-factory — ¿Hoy te llegan más clientes por tu web o por plataformas? Nico Soto · nico-soto.es"
"198","madrid6","Ofara","Leganés","http://www.ofara.es/","https://presupuestos.nico-soto.es/demo/ofara","ofara","844b22d7-2da2-4210-aff0-dd7f548ac230","Presupuestos que no te contestan","Hola,

¿Cuántas visitas y presupuestos haces a clientes que luego no contestan, o que solo querían comparar precio? Y si el contacto viene de Habitissimo o Cronoshare, encima lo has pagado y lo tienen otras tres empresas.

He preparado un simulador para la web de Ofara: el cliente elige tipo de obra, metros y calidades, ve un precio orientativo y te escribe ya sabiendo cuánto cuesta. Ese contacto es solo tuyo.

Ya está montado con tu nombre y tus servicios (reformas residenciales, interiorismo y arquitectura):
https://presupuestos.nico-soto.es/demo/ofara

¿Hoy te llegan más clientes por tu web o por plataformas?

Nico Soto
nico-soto.es","Hola, he preparado un simulador de presupuestos para la web de Ofara: el cliente elige tipo de obra, metros y calidades, ve un precio orientativo y te escribe ya sabiendo cuánto cuesta. Ya está montado con tu nombre: https://presupuestos.nico-soto.es/demo/ofara — ¿Hoy te llegan más clientes por tu web o por plataformas? Nico Soto · nico-soto.es"
"200","madrid6","Reformas en Collado Villalba","Collado Villalba","http://www.reformasencolladovillalba.net/","https://presupuestos.nico-soto.es/demo/reformas-collado-villalba","reformas-collado-villalba","29317e84-8214-4399-9fe7-afedf65c7023","Presupuestos que no te contestan","Hola,

¿Cuántas visitas y presupuestos haces a clientes que luego no contestan, o que solo querían comparar precio? Y si el contacto viene de Habitissimo o Cronoshare, encima lo has pagado y lo tienen otras tres empresas.

He preparado un simulador para la web de Reformas en Collado Villalba: el cliente elige tipo de obra, metros y calidades, ve un precio orientativo y te escribe ya sabiendo cuánto cuesta. Ese contacto es solo tuyo.

Ya está montado con tu nombre y tus servicios (reformas integrales, baños y cocinas, exteriores y piscinas):
https://presupuestos.nico-soto.es/demo/reformas-collado-villalba

¿Hoy te llegan más clientes por tu web o por plataformas?

Nico Soto
nico-soto.es","Hola, he preparado un simulador de presupuestos para la web de Reformas en Collado Villalba: el cliente elige tipo de obra, metros y calidades, ve un precio orientativo y te escribe ya sabiendo cuánto cuesta. Ya está montado con tu nombre: https://presupuestos.nico-soto.es/demo/reformas-collado-villalba — ¿Hoy te llegan más clientes por tu web o por plataformas? Nico Soto · nico-soto.es"
"202","madrid6","Multiservicios Morosan","Arganda del Rey","https://multiserviciosmorosan.com/","https://presupuestos.nico-soto.es/demo/multiservicios-morosan","multiservicios-morosan","a5f3028b-7222-4b8b-b743-d106370d7761","Presupuestos que no te contestan","Hola,

¿Cuántas visitas y presupuestos haces a clientes que luego no contestan, o que solo querían comparar precio? Y si el contacto viene de Habitissimo o Cronoshare, encima lo has pagado y lo tienen otras tres empresas.

He preparado un simulador para la web de Multiservicios Morosan: el cliente elige tipo de obra, metros y calidades, ve un precio orientativo y te escribe ya sabiendo cuánto cuesta. Ese contacto es solo tuyo.

Ya está montado con tu nombre y tus servicios (reformas de baños, cocinas y viviendas):
https://presupuestos.nico-soto.es/demo/multiservicios-morosan

¿Hoy te llegan más clientes por tu web o por plataformas?

Nico Soto
nico-soto.es","Hola, he preparado un simulador de presupuestos para la web de Multiservicios Morosan: el cliente elige tipo de obra, metros y calidades, ve un precio orientativo y te escribe ya sabiendo cuánto cuesta. Ya está montado con tu nombre: https://presupuestos.nico-soto.es/demo/multiservicios-morosan — ¿Hoy te llegan más clientes por tu web o por plataformas? Nico Soto · nico-soto.es"
"204","madrid6","TCE Reformas","Pinto","https://tcereformas.com/?utm_source=gmb&utm_medium=organic&utm_campaign=google-my-business","https://presupuestos.nico-soto.es/demo/tce-reformas","tce-reformas","5ece63b8-30b2-413b-b6b3-f8eff4f6948c","Presupuestos que no te contestan","Hola,

¿Cuántas visitas y presupuestos haces a clientes que luego no contestan, o que solo querían comparar precio? Y si el contacto viene de Habitissimo o Cronoshare, encima lo has pagado y lo tienen otras tres empresas.

He preparado un simulador para la web de TCE Reformas: el cliente elige tipo de obra, metros y calidades, ve un precio orientativo y te escribe ya sabiendo cuánto cuesta. Ese contacto es solo tuyo.

Ya está montado con tu nombre y tus servicios (reforma integral de vivienda):
https://presupuestos.nico-soto.es/demo/tce-reformas

¿Hoy te llegan más clientes por tu web o por plataformas?

Nico Soto
nico-soto.es","Hola, he preparado un simulador de presupuestos para la web de TCE Reformas: el cliente elige tipo de obra, metros y calidades, ve un precio orientativo y te escribe ya sabiendo cuánto cuesta. Ya está montado con tu nombre: https://presupuestos.nico-soto.es/demo/tce-reformas — ¿Hoy te llegan más clientes por tu web o por plataformas? Nico Soto · nico-soto.es"
"205","madrid6","Alicia Mesa","Alcobendas","https://aliciamesa.es/?utm_source=google&utm_medium=organic&utm_campaign=gmb-web","https://presupuestos.nico-soto.es/demo/alicia-mesa","alicia-mesa","c0b3f56b-5548-405c-b5dd-3b30d595aa89","¿Pagas por leads que reciben 4?","Hola,

¿Cuántas visitas y presupuestos haces a clientes que luego no contestan, o que solo querían comparar precio? Y si el contacto viene de Habitissimo o Cronoshare, encima lo has pagado y lo tienen otras tres empresas.

He preparado un simulador para la web de Alicia Mesa: el cliente elige tipo de obra, metros y calidades, ve un precio orientativo y te escribe ya sabiendo cuánto cuesta. Ese contacto es solo tuyo.

Ya está montado con tu nombre y tus servicios (reformas integrales de viviendas e interiorismo):
https://presupuestos.nico-soto.es/demo/alicia-mesa

¿Hoy te llegan más clientes por tu web o por plataformas?

Nico Soto
nico-soto.es","Hola, he preparado un simulador de presupuestos para la web de Alicia Mesa: el cliente elige tipo de obra, metros y calidades, ve un precio orientativo y te escribe ya sabiendo cuánto cuesta. Ya está montado con tu nombre: https://presupuestos.nico-soto.es/demo/alicia-mesa — ¿Hoy te llegan más clientes por tu web o por plataformas? Nico Soto · nico-soto.es"
"208","madrid6","Rubic Constructora","Villaviciosa de Odón","https://rubicconstructora.es/","https://presupuestos.nico-soto.es/demo/rubic-constructora","rubic-constructora","d022c810-1117-4411-ac20-b04b0e182c47","Presupuestos que no te contestan","Hola,

¿Cuántas visitas y presupuestos haces a clientes que luego no contestan, o que solo querían comparar precio? Y si el contacto viene de Habitissimo o Cronoshare, encima lo has pagado y lo tienen otras tres empresas.

He preparado un simulador para la web de Rubic Constructora: el cliente elige tipo de obra, metros y calidades, ve un precio orientativo y te escribe ya sabiendo cuánto cuesta. Ese contacto es solo tuyo.

Ya está montado con tu nombre y tus servicios (reformas de viviendas, obra nueva y locales):
https://presupuestos.nico-soto.es/demo/rubic-constructora

¿Hoy te llegan más clientes por tu web o por plataformas?

Nico Soto
nico-soto.es","Hola, he preparado un simulador de presupuestos para la web de Rubic Constructora: el cliente elige tipo de obra, metros y calidades, ve un precio orientativo y te escribe ya sabiendo cuánto cuesta. Ya está montado con tu nombre: https://presupuestos.nico-soto.es/demo/rubic-constructora — ¿Hoy te llegan más clientes por tu web o por plataformas? Nico Soto · nico-soto.es"
"210","madrid6","Mihovi","Galapagar","https://mihovi.com/","https://presupuestos.nico-soto.es/demo/mihovi","mihovi","184d6de4-6df6-455b-8c54-cd3b24ce1280","Presupuestos que no te contestan","Hola,

¿Cuántas visitas y presupuestos haces a clientes que luego no contestan, o que solo querían comparar precio? Y si el contacto viene de Habitissimo o Cronoshare, encima lo has pagado y lo tienen otras tres empresas.

He preparado un simulador para la web de Mihovi: el cliente elige tipo de obra, metros y calidades, ve un precio orientativo y te escribe ya sabiendo cuánto cuesta. Ese contacto es solo tuyo.

Ya está montado con tu nombre y tus servicios (construcción de viviendas, reforma de interiores y rehabilitación de edificios):
https://presupuestos.nico-soto.es/demo/mihovi

¿Hoy te llegan más clientes por tu web o por plataformas?

Nico Soto
nico-soto.es","Hola, he preparado un simulador de presupuestos para la web de Mihovi: el cliente elige tipo de obra, metros y calidades, ve un precio orientativo y te escribe ya sabiendo cuánto cuesta. Ya está montado con tu nombre: https://presupuestos.nico-soto.es/demo/mihovi — ¿Hoy te llegan más clientes por tu web o por plataformas? Nico Soto · nico-soto.es"
"211","madrid6","MB Reformas","San Sebastián de los Reyes","https://www.mbreformas.es/","https://presupuestos.nico-soto.es/demo/mb-reformas","mb-reformas","28335dac-9c09-473f-ac5c-eff550429230","¿Pagas por leads que reciben 4?","Hola,

¿Cuántas visitas y presupuestos haces a clientes que luego no contestan, o que solo querían comparar precio? Y si el contacto viene de Habitissimo o Cronoshare, encima lo has pagado y lo tienen otras tres empresas.

He preparado un simulador para la web de MB Reformas: el cliente elige tipo de obra, metros y calidades, ve un precio orientativo y te escribe ya sabiendo cuánto cuesta. Ese contacto es solo tuyo.

Ya está montado con tu nombre y tus servicios (reformas integrales de vivienda y ventanas de PVC):
https://presupuestos.nico-soto.es/demo/mb-reformas

¿Hoy te llegan más clientes por tu web o por plataformas?

Nico Soto
nico-soto.es","Hola, he preparado un simulador de presupuestos para la web de MB Reformas: el cliente elige tipo de obra, metros y calidades, ve un precio orientativo y te escribe ya sabiendo cuánto cuesta. Ya está montado con tu nombre: https://presupuestos.nico-soto.es/demo/mb-reformas — ¿Hoy te llegan más clientes por tu web o por plataformas? Nico Soto · nico-soto.es"
"214","madrid7","Fixhogar","Pozuelo de Alarcón","https://www.fixhogar.com/","https://presupuestos.nico-soto.es/demo/fixhogar","fixhogar","db024a8b-8009-4b49-a963-82b045895b8a","Presupuestos que no te contestan","Hola,

¿Cuántas visitas y presupuestos haces a clientes que luego no contestan, o que solo querían comparar precio? Y si el contacto viene de Habitissimo o Cronoshare, encima lo has pagado y lo tienen otras tres empresas.

He preparado un simulador para la web de Fixhogar: el cliente elige tipo de obra, metros y calidades, ve un precio orientativo y te escribe ya sabiendo cuánto cuesta. Ese contacto es solo tuyo.

Ya está montado con tu nombre y tus servicios (reformas integrales, parciales y mantenimiento del hogar):
https://presupuestos.nico-soto.es/demo/fixhogar

¿Hoy te llegan más clientes por tu web o por plataformas?

Nico Soto
nico-soto.es","Hola, he preparado un simulador de presupuestos para la web de Fixhogar: el cliente elige tipo de obra, metros y calidades, ve un precio orientativo y te escribe ya sabiendo cuánto cuesta. Ya está montado con tu nombre: https://presupuestos.nico-soto.es/demo/fixhogar — ¿Hoy te llegan más clientes por tu web o por plataformas? Nico Soto · nico-soto.es"
"216","madrid7","Escala Reformas","Villaviciosa de Odón","http://www.reformasescala.com/","https://presupuestos.nico-soto.es/demo/escala-reformas","escala-reformas","4e387157-7157-4fb1-94ba-4fa008ea9e92","Presupuestos que no te contestan","Hola,

¿Cuántas visitas y presupuestos haces a clientes que luego no contestan, o que solo querían comparar precio? Y si el contacto viene de Habitissimo o Cronoshare, encima lo has pagado y lo tienen otras tres empresas.

He preparado un simulador para la web de Escala Reformas: el cliente elige tipo de obra, metros y calidades, ve un precio orientativo y te escribe ya sabiendo cuánto cuesta. Ese contacto es solo tuyo.

Ya está montado con tu nombre y tus servicios (reformas integrales, cocinas, baños y carpintería):
https://presupuestos.nico-soto.es/demo/escala-reformas

¿Hoy te llegan más clientes por tu web o por plataformas?

Nico Soto
nico-soto.es","Hola, he preparado un simulador de presupuestos para la web de Escala Reformas: el cliente elige tipo de obra, metros y calidades, ve un precio orientativo y te escribe ya sabiendo cuánto cuesta. Ya está montado con tu nombre: https://presupuestos.nico-soto.es/demo/escala-reformas — ¿Hoy te llegan más clientes por tu web o por plataformas? Nico Soto · nico-soto.es"
"218","madrid7","Reformas Arko","Coslada","https://reformasarko.com/","https://presupuestos.nico-soto.es/demo/reformas-arko","reformas-arko","c6919156-38a4-49d0-8a68-bb54e662637d","Presupuestos que no te contestan","Hola,

¿Cuántas visitas y presupuestos haces a clientes que luego no contestan, o que solo querían comparar precio? Y si el contacto viene de Habitissimo o Cronoshare, encima lo has pagado y lo tienen otras tres empresas.

He preparado un simulador para la web de Reformas Arko: el cliente elige tipo de obra, metros y calidades, ve un precio orientativo y te escribe ya sabiendo cuánto cuesta. Ese contacto es solo tuyo.

Ya está montado con tu nombre y tus servicios (reformas integrales de vivienda):
https://presupuestos.nico-soto.es/demo/reformas-arko

¿Hoy te llegan más clientes por tu web o por plataformas?

Nico Soto
nico-soto.es","Hola, he preparado un simulador de presupuestos para la web de Reformas Arko: el cliente elige tipo de obra, metros y calidades, ve un precio orientativo y te escribe ya sabiendo cuánto cuesta. Ya está montado con tu nombre: https://presupuestos.nico-soto.es/demo/reformas-arko — ¿Hoy te llegan más clientes por tu web o por plataformas? Nico Soto · nico-soto.es"
"220","madrid7","Romat Reformas Integrales","Fuenlabrada","http://www.romatreformasintegrales.es/","https://presupuestos.nico-soto.es/demo/romat-reformas","romat-reformas","d4834302-f307-4d96-8bee-aeb657415948","Presupuestos que no te contestan","Hola,

¿Cuántas visitas y presupuestos haces a clientes que luego no contestan, o que solo querían comparar precio? Y si el contacto viene de Habitissimo o Cronoshare, encima lo has pagado y lo tienen otras tres empresas.

He preparado un simulador para la web de Romat Reformas Integrales: el cliente elige tipo de obra, metros y calidades, ve un precio orientativo y te escribe ya sabiendo cuánto cuesta. Ese contacto es solo tuyo.

Ya está montado con tu nombre y tus servicios (reformas integrales):
https://presupuestos.nico-soto.es/demo/romat-reformas

¿Hoy te llegan más clientes por tu web o por plataformas?

Nico Soto
nico-soto.es","Hola, he preparado un simulador de presupuestos para la web de Romat Reformas Integrales: el cliente elige tipo de obra, metros y calidades, ve un precio orientativo y te escribe ya sabiendo cuánto cuesta. Ya está montado con tu nombre: https://presupuestos.nico-soto.es/demo/romat-reformas — ¿Hoy te llegan más clientes por tu web o por plataformas? Nico Soto · nico-soto.es"
"221","madrid7","SGH Interiorismo","Torrejón de Ardoz","https://sghinteriorismo.es/","https://presupuestos.nico-soto.es/demo/sgh-interiorismo","sgh-interiorismo","d023e6fd-6593-480f-952f-3e890f9f3cc1","¿Pagas por leads que reciben 4?","Hola,

¿Cuántas visitas y presupuestos haces a clientes que luego no contestan, o que solo querían comparar precio? Y si el contacto viene de Habitissimo o Cronoshare, encima lo has pagado y lo tienen otras tres empresas.

He preparado un simulador para la web de SGH Interiorismo: el cliente elige tipo de obra, metros y calidades, ve un precio orientativo y te escribe ya sabiendo cuánto cuesta. Ese contacto es solo tuyo.

Ya está montado con tu nombre y tus servicios (reformas integrales e interiorismo):
https://presupuestos.nico-soto.es/demo/sgh-interiorismo

¿Hoy te llegan más clientes por tu web o por plataformas?

Nico Soto
nico-soto.es","Hola, he preparado un simulador de presupuestos para la web de SGH Interiorismo: el cliente elige tipo de obra, metros y calidades, ve un precio orientativo y te escribe ya sabiendo cuánto cuesta. Ya está montado con tu nombre: https://presupuestos.nico-soto.es/demo/sgh-interiorismo — ¿Hoy te llegan más clientes por tu web o por plataformas? Nico Soto · nico-soto.es"
"224","madrid7","JJ García Reformas","Móstoles","http://cocinasjjgarcia.es/","https://presupuestos.nico-soto.es/demo/jj-garcia-reformas","jj-garcia-reformas","f113d734-5364-498f-b444-0316bdbc97a8","Presupuestos que no te contestan","Hola,

¿Cuántas visitas y presupuestos haces a clientes que luego no contestan, o que solo querían comparar precio? Y si el contacto viene de Habitissimo o Cronoshare, encima lo has pagado y lo tienen otras tres empresas.

He preparado un simulador para la web de JJ García Reformas: el cliente elige tipo de obra, metros y calidades, ve un precio orientativo y te escribe ya sabiendo cuánto cuesta. Ese contacto es solo tuyo.

Ya está montado con tu nombre y tus servicios (reformas integrales y de baño):
https://presupuestos.nico-soto.es/demo/jj-garcia-reformas

¿Hoy te llegan más clientes por tu web o por plataformas?

Nico Soto
nico-soto.es","Hola, he preparado un simulador de presupuestos para la web de JJ García Reformas: el cliente elige tipo de obra, metros y calidades, ve un precio orientativo y te escribe ya sabiendo cuánto cuesta. Ya está montado con tu nombre: https://presupuestos.nico-soto.es/demo/jj-garcia-reformas — ¿Hoy te llegan más clientes por tu web o por plataformas? Nico Soto · nico-soto.es"
"225","madrid7","Grupo Galaxy","Collado Villalba","http://www.grupogalaxy.es/","https://presupuestos.nico-soto.es/demo/grupo-galaxy","grupo-galaxy","f788d67a-2aa0-4aab-9608-7bbe05708d63","¿Pagas por leads que reciben 4?","Hola,

¿Cuántas visitas y presupuestos haces a clientes que luego no contestan, o que solo querían comparar precio? Y si el contacto viene de Habitissimo o Cronoshare, encima lo has pagado y lo tienen otras tres empresas.

He preparado un simulador para la web de Grupo Galaxy: el cliente elige tipo de obra, metros y calidades, ve un precio orientativo y te escribe ya sabiendo cuánto cuesta. Ese contacto es solo tuyo.

Ya está montado con tu nombre y tus servicios (reformas generales, construcción de obra nueva y rehabilitación de viviendas):
https://presupuestos.nico-soto.es/demo/grupo-galaxy

¿Hoy te llegan más clientes por tu web o por plataformas?

Nico Soto
nico-soto.es","Hola, he preparado un simulador de presupuestos para la web de Grupo Galaxy: el cliente elige tipo de obra, metros y calidades, ve un precio orientativo y te escribe ya sabiendo cuánto cuesta. Ya está montado con tu nombre: https://presupuestos.nico-soto.es/demo/grupo-galaxy — ¿Hoy te llegan más clientes por tu web o por plataformas? Nico Soto · nico-soto.es"
"228","madrid7","Neagoe Reformas","Boadilla del Monte","https://reformasintegralesboadilladelmonte.com/","https://presupuestos.nico-soto.es/demo/neagoe-reformas","neagoe-reformas","a5e1b2d6-5489-49bd-827b-b4d546de88dc","Presupuestos que no te contestan","Hola,

¿Cuántas visitas y presupuestos haces a clientes que luego no contestan, o que solo querían comparar precio? Y si el contacto viene de Habitissimo o Cronoshare, encima lo has pagado y lo tienen otras tres empresas.

He preparado un simulador para la web de Neagoe Reformas: el cliente elige tipo de obra, metros y calidades, ve un precio orientativo y te escribe ya sabiendo cuánto cuesta. Ese contacto es solo tuyo.

Ya está montado con tu nombre y tus servicios (reformas integrales):
https://presupuestos.nico-soto.es/demo/neagoe-reformas

¿Hoy te llegan más clientes por tu web o por plataformas?

Nico Soto
nico-soto.es","Hola, he preparado un simulador de presupuestos para la web de Neagoe Reformas: el cliente elige tipo de obra, metros y calidades, ve un precio orientativo y te escribe ya sabiendo cuánto cuesta. Ya está montado con tu nombre: https://presupuestos.nico-soto.es/demo/neagoe-reformas — ¿Hoy te llegan más clientes por tu web o por plataformas? Nico Soto · nico-soto.es"
"230","madrid7","Honrados","Pozuelo de Alarcón","https://www.honra2.com/","https://presupuestos.nico-soto.es/demo/honrados","honrados","c723c8c5-1a6e-4c38-a9b2-436123784e4f","Presupuestos que no te contestan","Hola,

¿Cuántas visitas y presupuestos haces a clientes que luego no contestan, o que solo querían comparar precio? Y si el contacto viene de Habitissimo o Cronoshare, encima lo has pagado y lo tienen otras tres empresas.

He preparado un simulador para la web de Honrados: el cliente elige tipo de obra, metros y calidades, ve un precio orientativo y te escribe ya sabiendo cuánto cuesta. Ese contacto es solo tuyo.

Ya está montado con tu nombre y tus servicios (reformas integrales, cocinas y baños):
https://presupuestos.nico-soto.es/demo/honrados

¿Hoy te llegan más clientes por tu web o por plataformas?

Nico Soto
nico-soto.es","Hola, he preparado un simulador de presupuestos para la web de Honrados: el cliente elige tipo de obra, metros y calidades, ve un precio orientativo y te escribe ya sabiendo cuánto cuesta. Ya está montado con tu nombre: https://presupuestos.nico-soto.es/demo/honrados — ¿Hoy te llegan más clientes por tu web o por plataformas? Nico Soto · nico-soto.es"
"231","madrid7","Reformas Sierra Madrid","Collado Villalba","https://reformasierramadrid.es/","https://presupuestos.nico-soto.es/demo/reformas-sierra-madrid","reformas-sierra-madrid","74c20d01-a38b-40bf-9803-91ca46b61d51","¿Pagas por leads que reciben 4?","Hola,

¿Cuántas visitas y presupuestos haces a clientes que luego no contestan, o que solo querían comparar precio? Y si el contacto viene de Habitissimo o Cronoshare, encima lo has pagado y lo tienen otras tres empresas.

He preparado un simulador para la web de Reformas Sierra Madrid: el cliente elige tipo de obra, metros y calidades, ve un precio orientativo y te escribe ya sabiendo cuánto cuesta. Ese contacto es solo tuyo.

Ya está montado con tu nombre y tus servicios (reformas integrales, cocinas y baños):
https://presupuestos.nico-soto.es/demo/reformas-sierra-madrid

¿Hoy te llegan más clientes por tu web o por plataformas?

Nico Soto
nico-soto.es","Hola, he preparado un simulador de presupuestos para la web de Reformas Sierra Madrid: el cliente elige tipo de obra, metros y calidades, ve un precio orientativo y te escribe ya sabiendo cuánto cuesta. Ya está montado con tu nombre: https://presupuestos.nico-soto.es/demo/reformas-sierra-madrid — ¿Hoy te llegan más clientes por tu web o por plataformas? Nico Soto · nico-soto.es"
"233","madrid7","Saneamientos Lozano Morales","Torrelodones","http://www.lozanoreformasypiscinas.com/","https://presupuestos.nico-soto.es/demo/lozano-morales","lozano-morales","992e09e4-1fcd-4bc7-bec3-797773d33719","¿Pagas por leads que reciben 4?","Hola,

¿Cuántas visitas y presupuestos haces a clientes que luego no contestan, o que solo querían comparar precio? Y si el contacto viene de Habitissimo o Cronoshare, encima lo has pagado y lo tienen otras tres empresas.

He preparado un simulador para la web de Saneamientos Lozano Morales: el cliente elige tipo de obra, metros y calidades, ve un precio orientativo y te escribe ya sabiendo cuánto cuesta. Ese contacto es solo tuyo.

Ya está montado con tu nombre y tus servicios (reformas de cocinas y baños, construcción de piscinas y aerotermia):
https://presupuestos.nico-soto.es/demo/lozano-morales

¿Hoy te llegan más clientes por tu web o por plataformas?

Nico Soto
nico-soto.es","Hola, he preparado un simulador de presupuestos para la web de Saneamientos Lozano Morales: el cliente elige tipo de obra, metros y calidades, ve un precio orientativo y te escribe ya sabiendo cuánto cuesta. Ya está montado con tu nombre: https://presupuestos.nico-soto.es/demo/lozano-morales — ¿Hoy te llegan más clientes por tu web o por plataformas? Nico Soto · nico-soto.es"
"235","madrid7","Redecora Tu Casa","Las Rozas de Madrid","https://www.redecoratucasa.com/?utm_source=GMB&utm_medium=organic","https://presupuestos.nico-soto.es/demo/redecora-tu-casa","redecora-tu-casa","cd6be759-5113-4a89-b036-fcbd3f99ed90","¿Pagas por leads que reciben 4?","Hola,

¿Cuántas visitas y presupuestos haces a clientes que luego no contestan, o que solo querían comparar precio? Y si el contacto viene de Habitissimo o Cronoshare, encima lo has pagado y lo tienen otras tres empresas.

He preparado un simulador para la web de Redecora Tu Casa: el cliente elige tipo de obra, metros y calidades, ve un precio orientativo y te escribe ya sabiendo cuánto cuesta. Ese contacto es solo tuyo.

Ya está montado con tu nombre y tus servicios (reformas integrales, reformas de cocinas y baños):
https://presupuestos.nico-soto.es/demo/redecora-tu-casa

¿Hoy te llegan más clientes por tu web o por plataformas?

Nico Soto
nico-soto.es","Hola, he preparado un simulador de presupuestos para la web de Redecora Tu Casa: el cliente elige tipo de obra, metros y calidades, ve un precio orientativo y te escribe ya sabiendo cuánto cuesta. Ya está montado con tu nombre: https://presupuestos.nico-soto.es/demo/redecora-tu-casa — ¿Hoy te llegan más clientes por tu web o por plataformas? Nico Soto · nico-soto.es"
